id,text,expected_category,predicted_category,urgency,needs_human,suggested_response_type,routing_reason,response_draft,internal_note
1,처음 시작하면 마법사를 어디에 배치하는 게 가장 안전한가요?,gameplay_guide,gameplay_guide,low,false,guide_answer,"플레이 방법, 배치, 조합, 운영 팁 문의로 판단해 guide 답변으로 라우팅합니다.","문의해 주셔서 감사합니다. 이 내용은 플레이 방법과 운영 팁에 가까운 문의로 확인됩니다. 마법사는 적 이동 경로를 고려해 공격이 자주 닿는 위치에 배치하고, 초반에는 안정적으로 버틸 수 있는 조합을 먼저 구성해 보세요. 상황에 따라 속성 조합과 배치 위치를 바꾸면 더 안정적인 진행에 도움이 됩니다.","자동 안내 가능: 플레이 방법과 운영 팁 중심의 문의입니다. predicted_category=gameplay_guide, urgency=low."
2,중앙 언덕 밖으로 마법사를 옮길 수 없는 이유가 궁금합니다.,gameplay_guide,gameplay_guide,low,false,guide_answer,"플레이 방법, 배치, 조합, 운영 팁 문의로 판단해 guide 답변으로 라우팅합니다.","문의해 주셔서 감사합니다. 이 내용은 플레이 방법과 운영 팁에 가까운 문의로 확인됩니다. 마법사는 적 이동 경로를 고려해 공격이 자주 닿는 위치에 배치하고, 초반에는 안정적으로 버틸 수 있는 조합을 먼저 구성해 보세요. 상황에 따라 속성 조합과 배치 위치를 바꾸면 더 안정적인 진행에 도움이 됩니다.","자동 안내 가능: 플레이 방법과 운영 팁 중심의 문의입니다. predicted_category=gameplay_guide, urgency=low."
3,경로 근처에 마법사를 둘 때 적 이동을 막지 않는 배치 팁이 있나요?,gameplay_guide,gameplay_guide,low,false,guide_answer,"플레이 방법, 배치, 조합, 운영 팁 문의로 판단해 guide 답변으로 라우팅합니다.","문의해 주셔서 감사합니다. 이 내용은 플레이 방법과 운영 팁에 가까운 문의로 확인됩니다. 마법사는 적 이동 경로를 고려해 공격이 자주 닿는 위치에 배치하고, 초반에는 안정적으로 버틸 수 있는 조합을 먼저 구성해 보세요. 상황에 따라 속성 조합과 배치 위치를 바꾸면 더 안정적인 진행에 도움이 됩니다.","자동 안내 가능: 플레이 방법과 운영 팁 중심의 문의입니다. predicted_category=gameplay_guide, urgency=low."
4,초반 라운드에서 골드를 모으면서 버티는 기본 운영법을 알려주세요.,gameplay_guide,gameplay_guide,low,false,guide_answer,"플레이 방법, 배치, 조합, 운영 팁 문의로 판단해 guide 답변으로 라우팅합니다.","문의해 주셔서 감사합니다. 이 내용은 플레이 방법과 운영 팁에 가까운 문의로 확인됩니다. 마법사는 적 이동 경로를 고려해 공격이 자주 닿는 위치에 배치하고, 초반에는 안정적으로 버틸 수 있는 조합을 먼저 구성해 보세요. 상황에 따라 속성 조합과 배치 위치를 바꾸면 더 안정적인 진행에 도움이 됩니다.","자동 안내 가능: 플레이 방법과 운영 팁 중심의 문의입니다. predicted_category=gameplay_guide, urgency=low."
5,불과 물 속성 마법사를 같이 쓸 때 어떤 상황에서 좋은가요?,gameplay_guide,gameplay_guide,low,false,guide_answer,"플레이 방법, 배치, 조합, 운영 팁 문의로 판단해 guide 답변으로 라우팅합니다.","문의해 주셔서 감사합니다. 이 내용은 플레이 방법과 운영 팁에 가까운 문의로 확인됩니다. 마법사는 적 이동 경로를 고려해 공격이 자주 닿는 위치에 배치하고, 초반에는 안정적으로 버틸 수 있는 조합을 먼저 구성해 보세요. 상황에 따라 속성 조합과 배치 위치를 바꾸면 더 안정적인 진행에 도움이 됩니다.","자동 안내 가능: 플레이 방법과 운영 팁 중심의 문의입니다. predicted_category=gameplay_guide, urgency=low."
6,돌 속성 마법사는 어느 위치에 두면 방어에 도움이 되나요?,gameplay_guide,gameplay_guide,low,false,guide_answer,"플레이 방법, 배치, 조합, 운영 팁 문의로 판단해 guide 답변으로 라우팅합니다.","문의해 주셔서 감사합니다. 이 내용은 플레이 방법과 운영 팁에 가까운 문의로 확인됩니다. 마법사는 적 이동 경로를 고려해 공격이 자주 닿는 위치에 배치하고, 초반에는 안정적으로 버틸 수 있는 조합을 먼저 구성해 보세요. 상황에 따라 속성 조합과 배치 위치를 바꾸면 더 안정적인 진행에 도움이 됩니다.","자동 안내 가능: 플레이 방법과 운영 팁 중심의 문의입니다. predicted_category=gameplay_guide, urgency=low."
7,번개 마법사와 바람 마법사 조합을 추천하는 전투 상황이 있나요?,gameplay_guide,gameplay_guide,low,false,guide_answer,"플레이 방법, 배치, 조합, 운영 팁 문의로 판단해 guide 답변으로 라우팅합니다.","문의해 주셔서 감사합니다. 이 내용은 플레이 방법과 운영 팁에 가까운 문의로 확인됩니다. 마법사는 적 이동 경로를 고려해 공격이 자주 닿는 위치에 배치하고, 초반에는 안정적으로 버틸 수 있는 조합을 먼저 구성해 보세요. 상황에 따라 속성 조합과 배치 위치를 바꾸면 더 안정적인 진행에 도움이 됩니다.","자동 안내 가능: 플레이 방법과 운영 팁 중심의 문의입니다. predicted_category=gameplay_guide, urgency=low."
8,전설 마법사 없이도 초반 층을 안정적으로 넘기는 빌드가 궁금해요.,gameplay_guide,gameplay_guide,low,false,guide_answer,"플레이 방법, 배치, 조합, 운영 팁 문의로 판단해 guide 답변으로 라우팅합니다.","문의해 주셔서 감사합니다. 이 내용은 플레이 방법과 운영 팁에 가까운 문의로 확인됩니다. 마법사는 적 이동 경로를 고려해 공격이 자주 닿는 위치에 배치하고, 초반에는 안정적으로 버틸 수 있는 조합을 먼저 구성해 보세요. 상황에 따라 속성 조합과 배치 위치를 바꾸면 더 안정적인 진행에 도움이 됩니다.","자동 안내 가능: 플레이 방법과 운영 팁 중심의 문의입니다. predicted_category=gameplay_guide, urgency=low."
9,적이 몰려올 때 소환을 먼저 해야 하나요 아니면 연구를 먼저 해야 하나요?,gameplay_guide,wizard_acquisition,low,false,acquisition_answer,"마법사 소환, 획득, 등급, 등장 확률 문의로 판단해 획득 안내로 라우팅합니다.","문의해 주셔서 감사합니다. 이 내용은 마법사 획득, 소환, 등급 또는 등장 확률 안내에 가까운 문의로 확인됩니다. 마법사 획득은 게임 내 소환과 획득 규칙에 따라 처리되며, 등급이나 등장 결과는 정해진 획득 방식에 따라 달라질 수 있습니다. 정확한 수치나 조건은 현재 게임 내 안내와 관련 가이드 기준으로 확인하는 것이 좋습니다.","자동 안내 가능: 마법사 획득 또는 소환 규칙 문의입니다. predicted_category=wizard_acquisition, urgency=low."
10,마법사 조합이 효과적인 상황을 예시로 설명해 주세요.,gameplay_guide,gameplay_guide,low,false,guide_answer,"플레이 방법, 배치, 조합, 운영 팁 문의로 판단해 guide 답변으로 라우팅합니다.","문의해 주셔서 감사합니다. 이 내용은 플레이 방법과 운영 팁에 가까운 문의로 확인됩니다. 마법사는 적 이동 경로를 고려해 공격이 자주 닿는 위치에 배치하고, 초반에는 안정적으로 버틸 수 있는 조합을 먼저 구성해 보세요. 상황에 따라 속성 조합과 배치 위치를 바꾸면 더 안정적인 진행에 도움이 됩니다.","자동 안내 가능: 플레이 방법과 운영 팁 중심의 문의입니다. predicted_category=gameplay_guide, urgency=low."
11,초보자용 성장 가이드를 전체 흐름으로 추천해 주세요.,gameplay_guide,gameplay_guide,low,false,guide_answer,"플레이 방법, 배치, 조합, 운영 팁 문의로 판단해 guide 답변으로 라우팅합니다.","문의해 주셔서 감사합니다. 이 내용은 플레이 방법과 운영 팁에 가까운 문의로 확인됩니다. 마법사는 적 이동 경로를 고려해 공격이 자주 닿는 위치에 배치하고, 초반에는 안정적으로 버틸 수 있는 조합을 먼저 구성해 보세요. 상황에 따라 속성 조합과 배치 위치를 바꾸면 더 안정적인 진행에 도움이 됩니다.","자동 안내 가능: 플레이 방법과 운영 팁 중심의 문의입니다. predicted_category=gameplay_guide, urgency=low."
12,레조넌스라는 말이 나오는데 플레이 흐름에서 언제 신경 쓰면 되나요?,gameplay_guide,gameplay_guide,low,false,guide_answer,"플레이 방법, 배치, 조합, 운영 팁 문의로 판단해 guide 답변으로 라우팅합니다.","문의해 주셔서 감사합니다. 이 내용은 플레이 방법과 운영 팁에 가까운 문의로 확인됩니다. 마법사는 적 이동 경로를 고려해 공격이 자주 닿는 위치에 배치하고, 초반에는 안정적으로 버틸 수 있는 조합을 먼저 구성해 보세요. 상황에 따라 속성 조합과 배치 위치를 바꾸면 더 안정적인 진행에 도움이 됩니다.","자동 안내 가능: 플레이 방법과 운영 팁 중심의 문의입니다. predicted_category=gameplay_guide, urgency=low."
13,적 경로를 막는 게임인지 아니면 경로 주변에 배치하는 게임인지 헷갈립니다.,gameplay_guide,gameplay_guide,low,false,guide_answer,"플레이 방법, 배치, 조합, 운영 팁 문의로 판단해 guide 답변으로 라우팅합니다.","문의해 주셔서 감사합니다. 이 내용은 플레이 방법과 운영 팁에 가까운 문의로 확인됩니다. 마법사는 적 이동 경로를 고려해 공격이 자주 닿는 위치에 배치하고, 초반에는 안정적으로 버틸 수 있는 조합을 먼저 구성해 보세요. 상황에 따라 속성 조합과 배치 위치를 바꾸면 더 안정적인 진행에 도움이 됩니다.","자동 안내 가능: 플레이 방법과 운영 팁 중심의 문의입니다. predicted_category=gameplay_guide, urgency=low."
14,라운드가 빨라질 때 어떤 기준으로 마법사를 추가 소환해야 하나요?,gameplay_guide,wizard_acquisition,low,false,acquisition_answer,"마법사 소환, 획득, 등급, 등장 확률 문의로 판단해 획득 안내로 라우팅합니다.","문의해 주셔서 감사합니다. 이 내용은 마법사 획득, 소환, 등급 또는 등장 확률 안내에 가까운 문의로 확인됩니다. 마법사 획득은 게임 내 소환과 획득 규칙에 따라 처리되며, 등급이나 등장 결과는 정해진 획득 방식에 따라 달라질 수 있습니다. 정확한 수치나 조건은 현재 게임 내 안내와 관련 가이드 기준으로 확인하는 것이 좋습니다.","자동 안내 가능: 마법사 획득 또는 소환 규칙 문의입니다. predicted_category=wizard_acquisition, urgency=low."
15,보스가 나오는 층에서는 어떤 조합을 준비하는 게 좋나요?,gameplay_guide,tower_progress,low,false,tower_progress_answer,"층 진행, 잠금 해제, 보스, 층 보상 문의로 판단해 타워 진행 안내로 라우팅합니다.","문의해 주셔서 감사합니다. 이 내용은 층 진행, 잠금 해제, 보스, 층 보상 또는 타워 진행 조건에 가까운 문의로 확인됩니다. 다음 층 진행 여부는 현재 층 진행 상태와 조건 충족 여부에 따라 달라질 수 있습니다. 보스 층이나 보상 조건이 궁금한 경우에는 현재 도전 중인 층과 진행 상황을 함께 확인해 주세요.","자동 안내 가능: 층 진행과 보상 조건 안내 문의입니다. predicted_category=tower_progress, urgency=low."
16,공격 범위가 겹치는 마법사들을 한곳에 모아도 괜찮나요?,gameplay_guide,skill_combat,low,false,skill_combat_answer,"스킬 효과, 쿨타임, 피해 계산, 타격 판정 문의로 판단해 전투/스킬 안내로 라우팅합니다.","문의해 주셔서 감사합니다. 이 내용은 스킬 효과, 쿨타임, 피해 계산, 타격 판정 또는 전투 상호작용 관련 문의로 확인됩니다. 스킬은 대상, 범위, 발동 조건, 상태 효과에 따라 체감 결과가 달라질 수 있습니다. 특정 스킬이 기대와 다르게 보이는 경우에는 사용한 마법사, 대상 적, 전투 상황을 함께 확인하는 것이 좋습니다.","자동 안내 가능: 스킬/전투 규칙 안내 문의입니다. predicted_category=skill_combat, urgency=low."
17,적 체력 표시를 보면서 공격 타이밍을 판단하는 방법이 있나요?,gameplay_guide,gameplay_guide,medium,true,bug_triage,"분류 category는 기능 문의이지만 실패, 미지급, 표시 오류 신호가 있어 버그 triage로 라우팅합니다.","제보해 주셔서 감사합니다. 이 내용은 실제 동작 오류나 진행 문제 가능성이 있어 검토가 필요한 문의로 확인됩니다. 확인을 위해 발생한 상황, 재현 순서, 사용한 마법사나 층 정보, 오류가 발생한 화면을 가능한 범위에서 알려주세요. 검토 후 원인 확인에 필요한 추가 정보가 있을 수 있습니다. 이 문의는 담당 검토가 필요할 수 있으며, 확인 과정에서 추가 정보 요청이 있을 수 있습니다.","사람 검토 필요: 오류 재현 정보와 상황 확인이 필요합니다. Router reason: 분류 category는 기능 문의이지만 실패, 미지급, 표시 오류 신호가 있어 버그 triage로 라우팅합니다."
18,음악 버튼이나 UI를 건드리지 않고 전투에 집중하는 설정 팁이 있나요?,gameplay_guide,gameplay_guide,low,false,guide_answer,"플레이 방법, 배치, 조합, 운영 팁 문의로 판단해 guide 답변으로 라우팅합니다.","문의해 주셔서 감사합니다. 이 내용은 플레이 방법과 운영 팁에 가까운 문의로 확인됩니다. 마법사는 적 이동 경로를 고려해 공격이 자주 닿는 위치에 배치하고, 초반에는 안정적으로 버틸 수 있는 조합을 먼저 구성해 보세요. 상황에 따라 속성 조합과 배치 위치를 바꾸면 더 안정적인 진행에 도움이 됩니다.","자동 안내 가능: 플레이 방법과 운영 팁 중심의 문의입니다. predicted_category=gameplay_guide, urgency=low."
19,스킬이 강한 마법사와 기본 공격이 좋은 마법사를 어떻게 섞어야 하나요?,gameplay_guide,gameplay_guide,low,false,guide_answer,"플레이 방법, 배치, 조합, 운영 팁 문의로 판단해 guide 답변으로 라우팅합니다.","문의해 주셔서 감사합니다. 이 내용은 플레이 방법과 운영 팁에 가까운 문의로 확인됩니다. 마법사는 적 이동 경로를 고려해 공격이 자주 닿는 위치에 배치하고, 초반에는 안정적으로 버틸 수 있는 조합을 먼저 구성해 보세요. 상황에 따라 속성 조합과 배치 위치를 바꾸면 더 안정적인 진행에 도움이 됩니다.","자동 안내 가능: 플레이 방법과 운영 팁 중심의 문의입니다. predicted_category=gameplay_guide, urgency=low."
20,웨이브가 밀릴 때 소환과 배치 중 무엇을 먼저 조정해야 하나요?,gameplay_guide,gameplay_guide,low,false,guide_answer,"플레이 방법, 배치, 조합, 운영 팁 문의로 판단해 guide 답변으로 라우팅합니다.","문의해 주셔서 감사합니다. 이 내용은 플레이 방법과 운영 팁에 가까운 문의로 확인됩니다. 마법사는 적 이동 경로를 고려해 공격이 자주 닿는 위치에 배치하고, 초반에는 안정적으로 버틸 수 있는 조합을 먼저 구성해 보세요. 상황에 따라 속성 조합과 배치 위치를 바꾸면 더 안정적인 진행에 도움이 됩니다.","자동 안내 가능: 플레이 방법과 운영 팁 중심의 문의입니다. predicted_category=gameplay_guide, urgency=low."
21,마법사는 전투 중 어떤 방식으로 새로 소환하나요?,wizard_acquisition,wizard_acquisition,low,false,acquisition_answer,"마법사 소환, 획득, 등급, 등장 확률 문의로 판단해 획득 안내로 라우팅합니다.","문의해 주셔서 감사합니다. 이 내용은 마법사 획득, 소환, 등급 또는 등장 확률 안내에 가까운 문의로 확인됩니다. 마법사 획득은 게임 내 소환과 획득 규칙에 따라 처리되며, 등급이나 등장 결과는 정해진 획득 방식에 따라 달라질 수 있습니다. 정확한 수치나 조건은 현재 게임 내 안내와 관련 가이드 기준으로 확인하는 것이 좋습니다.","자동 안내 가능: 마법사 획득 또는 소환 규칙 문의입니다. predicted_category=wizard_acquisition, urgency=low."
22,소환 버튼을 누르면 골드가 얼마나 필요한지 어디서 확인하나요?,wizard_acquisition,wizard_acquisition,low,false,acquisition_answer,"마법사 소환, 획득, 등급, 등장 확률 문의로 판단해 획득 안내로 라우팅합니다.","문의해 주셔서 감사합니다. 이 내용은 마법사 획득, 소환, 등급 또는 등장 확률 안내에 가까운 문의로 확인됩니다. 마법사 획득은 게임 내 소환과 획득 규칙에 따라 처리되며, 등급이나 등장 결과는 정해진 획득 방식에 따라 달라질 수 있습니다. 정확한 수치나 조건은 현재 게임 내 안내와 관련 가이드 기준으로 확인하는 것이 좋습니다.","자동 안내 가능: 마법사 획득 또는 소환 규칙 문의입니다. predicted_category=wizard_acquisition, urgency=low."
23,처음 지급되는 시작 마법사는 랜덤인가요 고정인가요?,wizard_acquisition,wizard_acquisition,low,false,acquisition_answer,"마법사 소환, 획득, 등급, 등장 확률 문의로 판단해 획득 안내로 라우팅합니다.","문의해 주셔서 감사합니다. 이 내용은 마법사 획득, 소환, 등급 또는 등장 확률 안내에 가까운 문의로 확인됩니다. 마법사 획득은 게임 내 소환과 획득 규칙에 따라 처리되며, 등급이나 등장 결과는 정해진 획득 방식에 따라 달라질 수 있습니다. 정확한 수치나 조건은 현재 게임 내 안내와 관련 가이드 기준으로 확인하는 것이 좋습니다.","자동 안내 가능: 마법사 획득 또는 소환 규칙 문의입니다. predicted_category=wizard_acquisition, urgency=low."
24,일반 마법사를 소환할 때 속성은 자동으로 정해지나요?,wizard_acquisition,wizard_acquisition,low,false,acquisition_answer,"마법사 소환, 획득, 등급, 등장 확률 문의로 판단해 획득 안내로 라우팅합니다.","문의해 주셔서 감사합니다. 이 내용은 마법사 획득, 소환, 등급 또는 등장 확률 안내에 가까운 문의로 확인됩니다. 마법사 획득은 게임 내 소환과 획득 규칙에 따라 처리되며, 등급이나 등장 결과는 정해진 획득 방식에 따라 달라질 수 있습니다. 정확한 수치나 조건은 현재 게임 내 안내와 관련 가이드 기준으로 확인하는 것이 좋습니다.","자동 안내 가능: 마법사 획득 또는 소환 규칙 문의입니다. predicted_category=wizard_acquisition, urgency=low."
25,전설 마법사는 일반 소환 중에 등장할 수 있나요?,wizard_acquisition,wizard_acquisition,low,false,acquisition_answer,"마법사 소환, 획득, 등급, 등장 확률 문의로 판단해 획득 안내로 라우팅합니다.","문의해 주셔서 감사합니다. 이 내용은 마법사 획득, 소환, 등급 또는 등장 확률 안내에 가까운 문의로 확인됩니다. 마법사 획득은 게임 내 소환과 획득 규칙에 따라 처리되며, 등급이나 등장 결과는 정해진 획득 방식에 따라 달라질 수 있습니다. 정확한 수치나 조건은 현재 게임 내 안내와 관련 가이드 기준으로 확인하는 것이 좋습니다.","자동 안내 가능: 마법사 획득 또는 소환 규칙 문의입니다. predicted_category=wizard_acquisition, urgency=low."
26,전설 마법사 등장 확률 안내가 있으면 어디에서 확인할 수 있나요?,wizard_acquisition,wizard_acquisition,low,false,acquisition_answer,"마법사 소환, 획득, 등급, 등장 확률 문의로 판단해 획득 안내로 라우팅합니다.","문의해 주셔서 감사합니다. 이 내용은 마법사 획득, 소환, 등급 또는 등장 확률 안내에 가까운 문의로 확인됩니다. 마법사 획득은 게임 내 소환과 획득 규칙에 따라 처리되며, 등급이나 등장 결과는 정해진 획득 방식에 따라 달라질 수 있습니다. 정확한 수치나 조건은 현재 게임 내 안내와 관련 가이드 기준으로 확인하는 것이 좋습니다.","자동 안내 가능: 마법사 획득 또는 소환 규칙 문의입니다. predicted_category=wizard_acquisition, urgency=low."
27,중복 속성 마법사를 얻으면 바로 조합에 사용할 수 있나요?,wizard_acquisition,wizard_acquisition,low,false,acquisition_answer,"마법사 소환, 획득, 등급, 등장 확률 문의로 판단해 획득 안내로 라우팅합니다.","문의해 주셔서 감사합니다. 이 내용은 마법사 획득, 소환, 등급 또는 등장 확률 안내에 가까운 문의로 확인됩니다. 마법사 획득은 게임 내 소환과 획득 규칙에 따라 처리되며, 등급이나 등장 결과는 정해진 획득 방식에 따라 달라질 수 있습니다. 정확한 수치나 조건은 현재 게임 내 안내와 관련 가이드 기준으로 확인하는 것이 좋습니다.","자동 안내 가능: 마법사 획득 또는 소환 규칙 문의입니다. predicted_category=wizard_acquisition, urgency=low."
28,골드가 부족할 때 소환 버튼을 눌러도 마법사가 나오지 않는 게 정상인가요?,wizard_acquisition,wizard_acquisition,medium,true,acquisition_answer,기능 설명과 실제 동작 차이를 언급해 사람 검토가 필요한 경계 사례로 라우팅합니다.,"문의해 주셔서 감사합니다. 이 내용은 마법사 획득, 소환, 등급 또는 등장 확률 안내에 가까운 문의로 확인됩니다. 마법사 획득은 게임 내 소환과 획득 규칙에 따라 처리되며, 등급이나 등장 결과는 정해진 획득 방식에 따라 달라질 수 있습니다. 정확한 수치나 조건은 현재 게임 내 안내와 관련 가이드 기준으로 확인하는 것이 좋습니다. 이 문의는 담당 검토가 필요할 수 있으며, 확인 과정에서 추가 정보 요청이 있을 수 있습니다.",자동 안내 가능: 마법사 획득 또는 소환 규칙 문의입니다. Router reason: 기능 설명과 실제 동작 차이를 언급해 사람 검토가 필요한 경계 사례로 라우팅합니다.
29,소환된 마법사의 속성을 나중에 바꿀 수 있나요?,wizard_acquisition,wizard_acquisition,low,false,acquisition_answer,"마법사 소환, 획득, 등급, 등장 확률 문의로 판단해 획득 안내로 라우팅합니다.","문의해 주셔서 감사합니다. 이 내용은 마법사 획득, 소환, 등급 또는 등장 확률 안내에 가까운 문의로 확인됩니다. 마법사 획득은 게임 내 소환과 획득 규칙에 따라 처리되며, 등급이나 등장 결과는 정해진 획득 방식에 따라 달라질 수 있습니다. 정확한 수치나 조건은 현재 게임 내 안내와 관련 가이드 기준으로 확인하는 것이 좋습니다.","자동 안내 가능: 마법사 획득 또는 소환 규칙 문의입니다. predicted_category=wizard_acquisition, urgency=low."
30,새 마법사가 이미 있는 마법사와 겹치지 않게 생성되나요?,wizard_acquisition,wizard_acquisition,low,false,acquisition_answer,"마법사 소환, 획득, 등급, 등장 확률 문의로 판단해 획득 안내로 라우팅합니다.","문의해 주셔서 감사합니다. 이 내용은 마법사 획득, 소환, 등급 또는 등장 확률 안내에 가까운 문의로 확인됩니다. 마법사 획득은 게임 내 소환과 획득 규칙에 따라 처리되며, 등급이나 등장 결과는 정해진 획득 방식에 따라 달라질 수 있습니다. 정확한 수치나 조건은 현재 게임 내 안내와 관련 가이드 기준으로 확인하는 것이 좋습니다.","자동 안내 가능: 마법사 획득 또는 소환 규칙 문의입니다. predicted_category=wizard_acquisition, urgency=low."
31,전설 마법사 종류는 소환 시 자동으로 결정되나요?,wizard_acquisition,wizard_acquisition,low,false,acquisition_answer,"마법사 소환, 획득, 등급, 등장 확률 문의로 판단해 획득 안내로 라우팅합니다.","문의해 주셔서 감사합니다. 이 내용은 마법사 획득, 소환, 등급 또는 등장 확률 안내에 가까운 문의로 확인됩니다. 마법사 획득은 게임 내 소환과 획득 규칙에 따라 처리되며, 등급이나 등장 결과는 정해진 획득 방식에 따라 달라질 수 있습니다. 정확한 수치나 조건은 현재 게임 내 안내와 관련 가이드 기준으로 확인하는 것이 좋습니다.","자동 안내 가능: 마법사 획득 또는 소환 규칙 문의입니다. predicted_category=wizard_acquisition, urgency=low."
32,불 마법사를 꼭 얻고 싶은데 특정 속성을 선택해서 소환할 수 있나요?,wizard_acquisition,wizard_acquisition,low,false,acquisition_answer,"마법사 소환, 획득, 등급, 등장 확률 문의로 판단해 획득 안내로 라우팅합니다.","문의해 주셔서 감사합니다. 이 내용은 마법사 획득, 소환, 등급 또는 등장 확률 안내에 가까운 문의로 확인됩니다. 마법사 획득은 게임 내 소환과 획득 규칙에 따라 처리되며, 등급이나 등장 결과는 정해진 획득 방식에 따라 달라질 수 있습니다. 정확한 수치나 조건은 현재 게임 내 안내와 관련 가이드 기준으로 확인하는 것이 좋습니다.","자동 안내 가능: 마법사 획득 또는 소환 규칙 문의입니다. predicted_category=wizard_acquisition, urgency=low."
33,소환으로 얻은 마법사가 중앙 언덕 밖에 생기지 않는 이유가 있나요?,wizard_acquisition,wizard_acquisition,low,false,acquisition_answer,"마법사 소환, 획득, 등급, 등장 확률 문의로 판단해 획득 안내로 라우팅합니다.","문의해 주셔서 감사합니다. 이 내용은 마법사 획득, 소환, 등급 또는 등장 확률 안내에 가까운 문의로 확인됩니다. 마법사 획득은 게임 내 소환과 획득 규칙에 따라 처리되며, 등급이나 등장 결과는 정해진 획득 방식에 따라 달라질 수 있습니다. 정확한 수치나 조건은 현재 게임 내 안내와 관련 가이드 기준으로 확인하는 것이 좋습니다.","자동 안내 가능: 마법사 획득 또는 소환 규칙 문의입니다. predicted_category=wizard_acquisition, urgency=low."
34,골드를 써서 마법사를 추가하는 것과 연구하는 것 중 어떤 차이가 있나요?,wizard_acquisition,wizard_growth,low,false,growth_answer,"레벨업, 경험치, 성장 재료, 레조넌스 문의로 판단해 성장 안내로 라우팅합니다.","문의해 주셔서 감사합니다. 이 내용은 마법사 성장, 레벨업, 경험치, 성장 재료 또는 레조넌스 관련 문의로 확인됩니다. 이미 보유한 마법사를 강화하거나 성장시키는 경우에는 성장 재료, 경험치, 성장 단계 조건을 함께 확인해 주세요. 레조넌스나 성장 보너스는 획득 문의와 구분되는 성장 시스템으로 안내하는 것이 적절합니다.","자동 안내 가능: 성장, 경험치, 레조넌스 안내 문의입니다. predicted_category=wizard_growth, urgency=low."
35,전투 시작 무료 마법사와 골드 소환 마법사는 등급 판정이 다른가요?,wizard_acquisition,wizard_acquisition,low,false,acquisition_answer,"마법사 소환, 획득, 등급, 등장 확률 문의로 판단해 획득 안내로 라우팅합니다.","문의해 주셔서 감사합니다. 이 내용은 마법사 획득, 소환, 등급 또는 등장 확률 안내에 가까운 문의로 확인됩니다. 마법사 획득은 게임 내 소환과 획득 규칙에 따라 처리되며, 등급이나 등장 결과는 정해진 획득 방식에 따라 달라질 수 있습니다. 정확한 수치나 조건은 현재 게임 내 안내와 관련 가이드 기준으로 확인하는 것이 좋습니다.","자동 안내 가능: 마법사 획득 또는 소환 규칙 문의입니다. predicted_category=wizard_acquisition, urgency=low."
36,소환한 마법사가 전설로 바뀌는 조건이 궁금합니다.,wizard_acquisition,wizard_acquisition,low,false,acquisition_answer,"마법사 소환, 획득, 등급, 등장 확률 문의로 판단해 획득 안내로 라우팅합니다.","문의해 주셔서 감사합니다. 이 내용은 마법사 획득, 소환, 등급 또는 등장 확률 안내에 가까운 문의로 확인됩니다. 마법사 획득은 게임 내 소환과 획득 규칙에 따라 처리되며, 등급이나 등장 결과는 정해진 획득 방식에 따라 달라질 수 있습니다. 정확한 수치나 조건은 현재 게임 내 안내와 관련 가이드 기준으로 확인하는 것이 좋습니다.","자동 안내 가능: 마법사 획득 또는 소환 규칙 문의입니다. predicted_category=wizard_acquisition, urgency=low."
37,마법사 획득 후 바로 드래그해서 위치를 바꿀 수 있나요?,wizard_acquisition,wizard_acquisition,low,false,acquisition_answer,"마법사 소환, 획득, 등급, 등장 확률 문의로 판단해 획득 안내로 라우팅합니다.","문의해 주셔서 감사합니다. 이 내용은 마법사 획득, 소환, 등급 또는 등장 확률 안내에 가까운 문의로 확인됩니다. 마법사 획득은 게임 내 소환과 획득 규칙에 따라 처리되며, 등급이나 등장 결과는 정해진 획득 방식에 따라 달라질 수 있습니다. 정확한 수치나 조건은 현재 게임 내 안내와 관련 가이드 기준으로 확인하는 것이 좋습니다.","자동 안내 가능: 마법사 획득 또는 소환 규칙 문의입니다. predicted_category=wizard_acquisition, urgency=low."
38,소환 포인트 주변이 꽉 차면 새 마법사는 어디에 생성되나요?,wizard_acquisition,wizard_acquisition,low,false,acquisition_answer,"마법사 소환, 획득, 등급, 등장 확률 문의로 판단해 획득 안내로 라우팅합니다.","문의해 주셔서 감사합니다. 이 내용은 마법사 획득, 소환, 등급 또는 등장 확률 안내에 가까운 문의로 확인됩니다. 마법사 획득은 게임 내 소환과 획득 규칙에 따라 처리되며, 등급이나 등장 결과는 정해진 획득 방식에 따라 달라질 수 있습니다. 정확한 수치나 조건은 현재 게임 내 안내와 관련 가이드 기준으로 확인하는 것이 좋습니다.","자동 안내 가능: 마법사 획득 또는 소환 규칙 문의입니다. predicted_category=wizard_acquisition, urgency=low."
39,한 라운드 안에서 마법사를 여러 번 소환해도 되나요?,wizard_acquisition,wizard_acquisition,low,false,acquisition_answer,"마법사 소환, 획득, 등급, 등장 확률 문의로 판단해 획득 안내로 라우팅합니다.","문의해 주셔서 감사합니다. 이 내용은 마법사 획득, 소환, 등급 또는 등장 확률 안내에 가까운 문의로 확인됩니다. 마법사 획득은 게임 내 소환과 획득 규칙에 따라 처리되며, 등급이나 등장 결과는 정해진 획득 방식에 따라 달라질 수 있습니다. 정확한 수치나 조건은 현재 게임 내 안내와 관련 가이드 기준으로 확인하는 것이 좋습니다.","자동 안내 가능: 마법사 획득 또는 소환 규칙 문의입니다. predicted_category=wizard_acquisition, urgency=low."
40,전설 마법사 확률을 단순 안내로 알고 싶습니다.,wizard_acquisition,wizard_acquisition,low,false,acquisition_answer,"마법사 소환, 획득, 등급, 등장 확률 문의로 판단해 획득 안내로 라우팅합니다.","문의해 주셔서 감사합니다. 이 내용은 마법사 획득, 소환, 등급 또는 등장 확률 안내에 가까운 문의로 확인됩니다. 마법사 획득은 게임 내 소환과 획득 규칙에 따라 처리되며, 등급이나 등장 결과는 정해진 획득 방식에 따라 달라질 수 있습니다. 정확한 수치나 조건은 현재 게임 내 안내와 관련 가이드 기준으로 확인하는 것이 좋습니다.","자동 안내 가능: 마법사 획득 또는 소환 규칙 문의입니다. predicted_category=wizard_acquisition, urgency=low."
41,마법사 공격력 보너스는 어떤 방식으로 성장하나요?,wizard_growth,wizard_growth,low,false,growth_answer,"레벨업, 경험치, 성장 재료, 레조넌스 문의로 판단해 성장 안내로 라우팅합니다.","문의해 주셔서 감사합니다. 이 내용은 마법사 성장, 레벨업, 경험치, 성장 재료 또는 레조넌스 관련 문의로 확인됩니다. 이미 보유한 마법사를 강화하거나 성장시키는 경우에는 성장 재료, 경험치, 성장 단계 조건을 함께 확인해 주세요. 레조넌스나 성장 보너스는 획득 문의와 구분되는 성장 시스템으로 안내하는 것이 적절합니다.","자동 안내 가능: 성장, 경험치, 레조넌스 안내 문의입니다. predicted_category=wizard_growth, urgency=low."
42,연구를 성공하면 모든 마법사의 공격력이 오르나요?,wizard_growth,wizard_growth,low,false,growth_answer,"레벨업, 경험치, 성장 재료, 레조넌스 문의로 판단해 성장 안내로 라우팅합니다.","문의해 주셔서 감사합니다. 이 내용은 마법사 성장, 레벨업, 경험치, 성장 재료 또는 레조넌스 관련 문의로 확인됩니다. 이미 보유한 마법사를 강화하거나 성장시키는 경우에는 성장 재료, 경험치, 성장 단계 조건을 함께 확인해 주세요. 레조넌스나 성장 보너스는 획득 문의와 구분되는 성장 시스템으로 안내하는 것이 적절합니다.","자동 안내 가능: 성장, 경험치, 레조넌스 안내 문의입니다. predicted_category=wizard_growth, urgency=low."
43,대성공 연구와 일반 성공 연구의 보너스 차이가 궁금합니다.,wizard_growth,wizard_growth,low,false,growth_answer,"레벨업, 경험치, 성장 재료, 레조넌스 문의로 판단해 성장 안내로 라우팅합니다.","문의해 주셔서 감사합니다. 이 내용은 마법사 성장, 레벨업, 경험치, 성장 재료 또는 레조넌스 관련 문의로 확인됩니다. 이미 보유한 마법사를 강화하거나 성장시키는 경우에는 성장 재료, 경험치, 성장 단계 조건을 함께 확인해 주세요. 레조넌스나 성장 보너스는 획득 문의와 구분되는 성장 시스템으로 안내하는 것이 적절합니다.","자동 안내 가능: 성장, 경험치, 레조넌스 안내 문의입니다. predicted_category=wizard_growth, urgency=low."
44,레조넌스로 전설 마법사를 만드는 흐름을 설명해 주세요.,wizard_growth,wizard_growth,low,false,growth_answer,"레벨업, 경험치, 성장 재료, 레조넌스 문의로 판단해 성장 안내로 라우팅합니다.","문의해 주셔서 감사합니다. 이 내용은 마법사 성장, 레벨업, 경험치, 성장 재료 또는 레조넌스 관련 문의로 확인됩니다. 이미 보유한 마법사를 강화하거나 성장시키는 경우에는 성장 재료, 경험치, 성장 단계 조건을 함께 확인해 주세요. 레조넌스나 성장 보너스는 획득 문의와 구분되는 성장 시스템으로 안내하는 것이 적절합니다.","자동 안내 가능: 성장, 경험치, 레조넌스 안내 문의입니다. predicted_category=wizard_growth, urgency=low."
45,전설 마법사의 성장 한계나 강화 방향이 있나요?,wizard_growth,wizard_growth,low,false,growth_answer,"레벨업, 경험치, 성장 재료, 레조넌스 문의로 판단해 성장 안내로 라우팅합니다.","문의해 주셔서 감사합니다. 이 내용은 마법사 성장, 레벨업, 경험치, 성장 재료 또는 레조넌스 관련 문의로 확인됩니다. 이미 보유한 마법사를 강화하거나 성장시키는 경우에는 성장 재료, 경험치, 성장 단계 조건을 함께 확인해 주세요. 레조넌스나 성장 보너스는 획득 문의와 구분되는 성장 시스템으로 안내하는 것이 적절합니다.","자동 안내 가능: 성장, 경험치, 레조넌스 안내 문의입니다. predicted_category=wizard_growth, urgency=low."
46,경험치를 얻는 방법과 마법사 획득 방법은 어떻게 구분되나요?,wizard_growth,wizard_growth,low,false,growth_answer,"레벨업, 경험치, 성장 재료, 레조넌스 문의로 판단해 성장 안내로 라우팅합니다.","문의해 주셔서 감사합니다. 이 내용은 마법사 성장, 레벨업, 경험치, 성장 재료 또는 레조넌스 관련 문의로 확인됩니다. 이미 보유한 마법사를 강화하거나 성장시키는 경우에는 성장 재료, 경험치, 성장 단계 조건을 함께 확인해 주세요. 레조넌스나 성장 보너스는 획득 문의와 구분되는 성장 시스템으로 안내하는 것이 적절합니다.","자동 안내 가능: 성장, 경험치, 레조넌스 안내 문의입니다. predicted_category=wizard_growth, urgency=low."
47,마법사 레벨업에 필요한 경험치는 어디에서 얻나요?,wizard_growth,wizard_growth,low,false,growth_answer,"레벨업, 경험치, 성장 재료, 레조넌스 문의로 판단해 성장 안내로 라우팅합니다.","문의해 주셔서 감사합니다. 이 내용은 마법사 성장, 레벨업, 경험치, 성장 재료 또는 레조넌스 관련 문의로 확인됩니다. 이미 보유한 마법사를 강화하거나 성장시키는 경우에는 성장 재료, 경험치, 성장 단계 조건을 함께 확인해 주세요. 레조넌스나 성장 보너스는 획득 문의와 구분되는 성장 시스템으로 안내하는 것이 적절합니다.","자동 안내 가능: 성장, 경험치, 레조넌스 안내 문의입니다. predicted_category=wizard_growth, urgency=low."
48,성장 보너스가 개별 마법사에 적용되는지 전체에 적용되는지 궁금합니다.,wizard_growth,wizard_growth,low,false,growth_answer,"레벨업, 경험치, 성장 재료, 레조넌스 문의로 판단해 성장 안내로 라우팅합니다.","문의해 주셔서 감사합니다. 이 내용은 마법사 성장, 레벨업, 경험치, 성장 재료 또는 레조넌스 관련 문의로 확인됩니다. 이미 보유한 마법사를 강화하거나 성장시키는 경우에는 성장 재료, 경험치, 성장 단계 조건을 함께 확인해 주세요. 레조넌스나 성장 보너스는 획득 문의와 구분되는 성장 시스템으로 안내하는 것이 적절합니다.","자동 안내 가능: 성장, 경험치, 레조넌스 안내 문의입니다. predicted_category=wizard_growth, urgency=low."
49,루미엘 축복으로 올라간 공격력도 성장 보너스에 포함되나요?,wizard_growth,wizard_growth,low,false,growth_answer,"레벨업, 경험치, 성장 재료, 레조넌스 문의로 판단해 성장 안내로 라우팅합니다.","문의해 주셔서 감사합니다. 이 내용은 마법사 성장, 레벨업, 경험치, 성장 재료 또는 레조넌스 관련 문의로 확인됩니다. 이미 보유한 마법사를 강화하거나 성장시키는 경우에는 성장 재료, 경험치, 성장 단계 조건을 함께 확인해 주세요. 레조넌스나 성장 보너스는 획득 문의와 구분되는 성장 시스템으로 안내하는 것이 적절합니다.","자동 안내 가능: 성장, 경험치, 레조넌스 안내 문의입니다. predicted_category=wizard_growth, urgency=low."
50,레조넌스 실패 시 재료나 골드가 소비되는지 알려주세요.,wizard_growth,wizard_growth,low,false,growth_answer,"레벨업, 경험치, 성장 재료, 레조넌스 문의로 판단해 성장 안내로 라우팅합니다.","문의해 주셔서 감사합니다. 이 내용은 마법사 성장, 레벨업, 경험치, 성장 재료 또는 레조넌스 관련 문의로 확인됩니다. 이미 보유한 마법사를 강화하거나 성장시키는 경우에는 성장 재료, 경험치, 성장 단계 조건을 함께 확인해 주세요. 레조넌스나 성장 보너스는 획득 문의와 구분되는 성장 시스템으로 안내하는 것이 적절합니다.","자동 안내 가능: 성장, 경험치, 레조넌스 안내 문의입니다. predicted_category=wizard_growth, urgency=low."
51,전설 마법사 전용 성장 경로를 초보자도 따라갈 수 있나요?,wizard_growth,wizard_growth,low,false,growth_answer,"레벨업, 경험치, 성장 재료, 레조넌스 문의로 판단해 성장 안내로 라우팅합니다.","문의해 주셔서 감사합니다. 이 내용은 마법사 성장, 레벨업, 경험치, 성장 재료 또는 레조넌스 관련 문의로 확인됩니다. 이미 보유한 마법사를 강화하거나 성장시키는 경우에는 성장 재료, 경험치, 성장 단계 조건을 함께 확인해 주세요. 레조넌스나 성장 보너스는 획득 문의와 구분되는 성장 시스템으로 안내하는 것이 적절합니다.","자동 안내 가능: 성장, 경험치, 레조넌스 안내 문의입니다. predicted_category=wizard_growth, urgency=low."
52,성장 단계가 오르면 스킬 쿨타임에도 영향이 있나요?,wizard_growth,wizard_growth,low,false,growth_answer,"레벨업, 경험치, 성장 재료, 레조넌스 문의로 판단해 성장 안내로 라우팅합니다.","문의해 주셔서 감사합니다. 이 내용은 마법사 성장, 레벨업, 경험치, 성장 재료 또는 레조넌스 관련 문의로 확인됩니다. 이미 보유한 마법사를 강화하거나 성장시키는 경우에는 성장 재료, 경험치, 성장 단계 조건을 함께 확인해 주세요. 레조넌스나 성장 보너스는 획득 문의와 구분되는 성장 시스템으로 안내하는 것이 적절합니다.","자동 안내 가능: 성장, 경험치, 레조넌스 안내 문의입니다. predicted_category=wizard_growth, urgency=low."
53,아케인 연구 비용은 성장할수록 달라지나요?,wizard_growth,wizard_growth,low,false,growth_answer,"레벨업, 경험치, 성장 재료, 레조넌스 문의로 판단해 성장 안내로 라우팅합니다.","문의해 주셔서 감사합니다. 이 내용은 마법사 성장, 레벨업, 경험치, 성장 재료 또는 레조넌스 관련 문의로 확인됩니다. 이미 보유한 마법사를 강화하거나 성장시키는 경우에는 성장 재료, 경험치, 성장 단계 조건을 함께 확인해 주세요. 레조넌스나 성장 보너스는 획득 문의와 구분되는 성장 시스템으로 안내하는 것이 적절합니다.","자동 안내 가능: 성장, 경험치, 레조넌스 안내 문의입니다. predicted_category=wizard_growth, urgency=low."
54,공격력 연구를 먼저 올리는 것이 성장 루트로 좋은가요?,wizard_growth,wizard_growth,low,false,growth_answer,"레벨업, 경험치, 성장 재료, 레조넌스 문의로 판단해 성장 안내로 라우팅합니다.","문의해 주셔서 감사합니다. 이 내용은 마법사 성장, 레벨업, 경험치, 성장 재료 또는 레조넌스 관련 문의로 확인됩니다. 이미 보유한 마법사를 강화하거나 성장시키는 경우에는 성장 재료, 경험치, 성장 단계 조건을 함께 확인해 주세요. 레조넌스나 성장 보너스는 획득 문의와 구분되는 성장 시스템으로 안내하는 것이 적절합니다.","자동 안내 가능: 성장, 경험치, 레조넌스 안내 문의입니다. predicted_category=wizard_growth, urgency=low."
55,마법사 합성과 레조넌스는 성장 관점에서 어떤 차이가 있나요?,wizard_growth,wizard_growth,low,false,growth_answer,"레벨업, 경험치, 성장 재료, 레조넌스 문의로 판단해 성장 안내로 라우팅합니다.","문의해 주셔서 감사합니다. 이 내용은 마법사 성장, 레벨업, 경험치, 성장 재료 또는 레조넌스 관련 문의로 확인됩니다. 이미 보유한 마법사를 강화하거나 성장시키는 경우에는 성장 재료, 경험치, 성장 단계 조건을 함께 확인해 주세요. 레조넌스나 성장 보너스는 획득 문의와 구분되는 성장 시스템으로 안내하는 것이 적절합니다.","자동 안내 가능: 성장, 경험치, 레조넌스 안내 문의입니다. predicted_category=wizard_growth, urgency=low."
56,전설 마법사의 경험치 획득량이 일반 마법사와 다른지 궁금합니다.,wizard_growth,wizard_growth,low,false,growth_answer,"레벨업, 경험치, 성장 재료, 레조넌스 문의로 판단해 성장 안내로 라우팅합니다.","문의해 주셔서 감사합니다. 이 내용은 마법사 성장, 레벨업, 경험치, 성장 재료 또는 레조넌스 관련 문의로 확인됩니다. 이미 보유한 마법사를 강화하거나 성장시키는 경우에는 성장 재료, 경험치, 성장 단계 조건을 함께 확인해 주세요. 레조넌스나 성장 보너스는 획득 문의와 구분되는 성장 시스템으로 안내하는 것이 적절합니다.","자동 안내 가능: 성장, 경험치, 레조넌스 안내 문의입니다. predicted_category=wizard_growth, urgency=low."
57,성장 재료를 얻는 방법과 새 마법사를 얻는 방법을 따로 설명해 주세요.,wizard_growth,wizard_growth,low,false,growth_answer,"레벨업, 경험치, 성장 재료, 레조넌스 문의로 판단해 성장 안내로 라우팅합니다.","문의해 주셔서 감사합니다. 이 내용은 마법사 성장, 레벨업, 경험치, 성장 재료 또는 레조넌스 관련 문의로 확인됩니다. 이미 보유한 마법사를 강화하거나 성장시키는 경우에는 성장 재료, 경험치, 성장 단계 조건을 함께 확인해 주세요. 레조넌스나 성장 보너스는 획득 문의와 구분되는 성장 시스템으로 안내하는 것이 적절합니다.","자동 안내 가능: 성장, 경험치, 레조넌스 안내 문의입니다. predicted_category=wizard_growth, urgency=low."
58,레벨 보너스가 스킬 피해에도 반영되는지 알고 싶어요.,wizard_growth,wizard_growth,low,false,growth_answer,"레벨업, 경험치, 성장 재료, 레조넌스 문의로 판단해 성장 안내로 라우팅합니다.","문의해 주셔서 감사합니다. 이 내용은 마법사 성장, 레벨업, 경험치, 성장 재료 또는 레조넌스 관련 문의로 확인됩니다. 이미 보유한 마법사를 강화하거나 성장시키는 경우에는 성장 재료, 경험치, 성장 단계 조건을 함께 확인해 주세요. 레조넌스나 성장 보너스는 획득 문의와 구분되는 성장 시스템으로 안내하는 것이 적절합니다.","자동 안내 가능: 성장, 경험치, 레조넌스 안내 문의입니다. predicted_category=wizard_growth, urgency=low."
59,성장 가이드가 아니라 실제 성장 수치 기준을 알고 싶습니다.,wizard_growth,wizard_growth,low,false,growth_answer,"레벨업, 경험치, 성장 재료, 레조넌스 문의로 판단해 성장 안내로 라우팅합니다.","문의해 주셔서 감사합니다. 이 내용은 마법사 성장, 레벨업, 경험치, 성장 재료 또는 레조넌스 관련 문의로 확인됩니다. 이미 보유한 마법사를 강화하거나 성장시키는 경우에는 성장 재료, 경험치, 성장 단계 조건을 함께 확인해 주세요. 레조넌스나 성장 보너스는 획득 문의와 구분되는 성장 시스템으로 안내하는 것이 적절합니다.","자동 안내 가능: 성장, 경험치, 레조넌스 안내 문의입니다. predicted_category=wizard_growth, urgency=low."
60,레조넌스 설명에서 예시가 부족한데 성장 단계별 예시를 볼 수 있나요?,wizard_growth,wizard_growth,low,false,growth_answer,"레벨업, 경험치, 성장 재료, 레조넌스 문의로 판단해 성장 안내로 라우팅합니다.","문의해 주셔서 감사합니다. 이 내용은 마법사 성장, 레벨업, 경험치, 성장 재료 또는 레조넌스 관련 문의로 확인됩니다. 이미 보유한 마법사를 강화하거나 성장시키는 경우에는 성장 재료, 경험치, 성장 단계 조건을 함께 확인해 주세요. 레조넌스나 성장 보너스는 획득 문의와 구분되는 성장 시스템으로 안내하는 것이 적절합니다.","자동 안내 가능: 성장, 경험치, 레조넌스 안내 문의입니다. predicted_category=wizard_growth, urgency=low."
61,타워 층 선택은 어디에서 하고 선택한 층은 전투에 어떻게 적용되나요?,tower_progress,tower_progress,low,false,tower_progress_answer,"층 진행, 잠금 해제, 보스, 층 보상 문의로 판단해 타워 진행 안내로 라우팅합니다.","문의해 주셔서 감사합니다. 이 내용은 층 진행, 잠금 해제, 보스, 층 보상 또는 타워 진행 조건에 가까운 문의로 확인됩니다. 다음 층 진행 여부는 현재 층 진행 상태와 조건 충족 여부에 따라 달라질 수 있습니다. 보스 층이나 보상 조건이 궁금한 경우에는 현재 도전 중인 층과 진행 상황을 함께 확인해 주세요.","자동 안내 가능: 층 진행과 보상 조건 안내 문의입니다. predicted_category=tower_progress, urgency=low."
62,다음 층 잠금 해제 조건이 궁금합니다.,tower_progress,tower_progress,low,false,tower_progress_answer,"층 진행, 잠금 해제, 보스, 층 보상 문의로 판단해 타워 진행 안내로 라우팅합니다.","문의해 주셔서 감사합니다. 이 내용은 층 진행, 잠금 해제, 보스, 층 보상 또는 타워 진행 조건에 가까운 문의로 확인됩니다. 다음 층 진행 여부는 현재 층 진행 상태와 조건 충족 여부에 따라 달라질 수 있습니다. 보스 층이나 보상 조건이 궁금한 경우에는 현재 도전 중인 층과 진행 상황을 함께 확인해 주세요.","자동 안내 가능: 층 진행과 보상 조건 안내 문의입니다. predicted_category=tower_progress, urgency=low."
63,층을 올리면 라운드 난이도나 적 체력이 어떻게 바뀌나요?,tower_progress,tower_progress,low,false,tower_progress_answer,"층 진행, 잠금 해제, 보스, 층 보상 문의로 판단해 타워 진행 안내로 라우팅합니다.","문의해 주셔서 감사합니다. 이 내용은 층 진행, 잠금 해제, 보스, 층 보상 또는 타워 진행 조건에 가까운 문의로 확인됩니다. 다음 층 진행 여부는 현재 층 진행 상태와 조건 충족 여부에 따라 달라질 수 있습니다. 보스 층이나 보상 조건이 궁금한 경우에는 현재 도전 중인 층과 진행 상황을 함께 확인해 주세요.","자동 안내 가능: 층 진행과 보상 조건 안내 문의입니다. predicted_category=tower_progress, urgency=low."
64,보스가 있는 층을 클리어하려면 어떤 진행 조건을 봐야 하나요?,tower_progress,tower_progress,low,false,tower_progress_answer,"층 진행, 잠금 해제, 보스, 층 보상 문의로 판단해 타워 진행 안내로 라우팅합니다.","문의해 주셔서 감사합니다. 이 내용은 층 진행, 잠금 해제, 보스, 층 보상 또는 타워 진행 조건에 가까운 문의로 확인됩니다. 다음 층 진행 여부는 현재 층 진행 상태와 조건 충족 여부에 따라 달라질 수 있습니다. 보스 층이나 보상 조건이 궁금한 경우에는 현재 도전 중인 층과 진행 상황을 함께 확인해 주세요.","자동 안내 가능: 층 진행과 보상 조건 안내 문의입니다. predicted_category=tower_progress, urgency=low."
65,현재 층과 라운드 정보를 전투 중 어디에서 확인하나요?,tower_progress,tower_progress,low,false,tower_progress_answer,"층 진행, 잠금 해제, 보스, 층 보상 문의로 판단해 타워 진행 안내로 라우팅합니다.","문의해 주셔서 감사합니다. 이 내용은 층 진행, 잠금 해제, 보스, 층 보상 또는 타워 진행 조건에 가까운 문의로 확인됩니다. 다음 층 진행 여부는 현재 층 진행 상태와 조건 충족 여부에 따라 달라질 수 있습니다. 보스 층이나 보상 조건이 궁금한 경우에는 현재 도전 중인 층과 진행 상황을 함께 확인해 주세요.","자동 안내 가능: 층 진행과 보상 조건 안내 문의입니다. predicted_category=tower_progress, urgency=low."
66,층 클리어 후 마을이나 선택 화면으로 돌아가는 흐름이 궁금합니다.,tower_progress,tower_progress,low,false,tower_progress_answer,"층 진행, 잠금 해제, 보스, 층 보상 문의로 판단해 타워 진행 안내로 라우팅합니다.","문의해 주셔서 감사합니다. 이 내용은 층 진행, 잠금 해제, 보스, 층 보상 또는 타워 진행 조건에 가까운 문의로 확인됩니다. 다음 층 진행 여부는 현재 층 진행 상태와 조건 충족 여부에 따라 달라질 수 있습니다. 보스 층이나 보상 조건이 궁금한 경우에는 현재 도전 중인 층과 진행 상황을 함께 확인해 주세요.","자동 안내 가능: 층 진행과 보상 조건 안내 문의입니다. predicted_category=tower_progress, urgency=low."
67,진행 보상은 층 기준으로 지급되나요 라운드 기준으로 지급되나요?,tower_progress,tower_progress,high,true,bug_triage,"분류 category는 기능 문의이지만 실패, 미지급, 표시 오류 신호가 있어 버그 triage로 라우팅합니다.","제보해 주셔서 감사합니다. 이 내용은 실제 동작 오류나 진행 문제 가능성이 있어 검토가 필요한 문의로 확인됩니다. 확인을 위해 발생한 상황, 재현 순서, 사용한 마법사나 층 정보, 오류가 발생한 화면을 가능한 범위에서 알려주세요. 검토 후 원인 확인에 필요한 추가 정보가 있을 수 있습니다. 현재 문의는 우선 확인이 필요한 사례로 분류되었으므로, 재현 단계와 발생 시점을 최대한 구체적으로 남겨 주시면 검토에 도움이 됩니다.","사람 검토 필요: 오류 재현 정보와 상황 확인이 필요합니다. Router reason: 분류 category는 기능 문의이지만 실패, 미지급, 표시 오류 신호가 있어 버그 triage로 라우팅합니다."
68,타워 스크롤 화면이 아래에서 시작하는 이유가 있나요?,tower_progress,tower_progress,low,false,tower_progress_answer,"층 진행, 잠금 해제, 보스, 층 보상 문의로 판단해 타워 진행 안내로 라우팅합니다.","문의해 주셔서 감사합니다. 이 내용은 층 진행, 잠금 해제, 보스, 층 보상 또는 타워 진행 조건에 가까운 문의로 확인됩니다. 다음 층 진행 여부는 현재 층 진행 상태와 조건 충족 여부에 따라 달라질 수 있습니다. 보스 층이나 보상 조건이 궁금한 경우에는 현재 도전 중인 층과 진행 상황을 함께 확인해 주세요.","자동 안내 가능: 층 진행과 보상 조건 안내 문의입니다. predicted_category=tower_progress, urgency=low."
69,이전 층으로 돌아가서 다시 연습할 수 있나요?,tower_progress,tower_progress,low,false,tower_progress_answer,"층 진행, 잠금 해제, 보스, 층 보상 문의로 판단해 타워 진행 안내로 라우팅합니다.","문의해 주셔서 감사합니다. 이 내용은 층 진행, 잠금 해제, 보스, 층 보상 또는 타워 진행 조건에 가까운 문의로 확인됩니다. 다음 층 진행 여부는 현재 층 진행 상태와 조건 충족 여부에 따라 달라질 수 있습니다. 보스 층이나 보상 조건이 궁금한 경우에는 현재 도전 중인 층과 진행 상황을 함께 확인해 주세요.","자동 안내 가능: 층 진행과 보상 조건 안내 문의입니다. predicted_category=tower_progress, urgency=low."
70,높은 층에서 적이 더 빨리 몰려오는 구조인지 알고 싶습니다.,tower_progress,tower_progress,low,false,tower_progress_answer,"층 진행, 잠금 해제, 보스, 층 보상 문의로 판단해 타워 진행 안내로 라우팅합니다.","문의해 주셔서 감사합니다. 이 내용은 층 진행, 잠금 해제, 보스, 층 보상 또는 타워 진행 조건에 가까운 문의로 확인됩니다. 다음 층 진행 여부는 현재 층 진행 상태와 조건 충족 여부에 따라 달라질 수 있습니다. 보스 층이나 보상 조건이 궁금한 경우에는 현재 도전 중인 층과 진행 상황을 함께 확인해 주세요.","자동 안내 가능: 층 진행과 보상 조건 안내 문의입니다. predicted_category=tower_progress, urgency=low."
71,층별 추천 전투력 같은 기준이 있나요?,tower_progress,gameplay_guide,low,false,guide_answer,"플레이 방법, 배치, 조합, 운영 팁 문의로 판단해 guide 답변으로 라우팅합니다.","문의해 주셔서 감사합니다. 이 내용은 플레이 방법과 운영 팁에 가까운 문의로 확인됩니다. 마법사는 적 이동 경로를 고려해 공격이 자주 닿는 위치에 배치하고, 초반에는 안정적으로 버틸 수 있는 조합을 먼저 구성해 보세요. 상황에 따라 속성 조합과 배치 위치를 바꾸면 더 안정적인 진행에 도움이 됩니다.","자동 안내 가능: 플레이 방법과 운영 팁 중심의 문의입니다. predicted_category=gameplay_guide, urgency=low."
72,선택한 층이 전투 시작 후 바뀌지 않는 게 정상인가요?,tower_progress,tower_progress,medium,true,tower_progress_answer,기능 설명과 실제 동작 차이를 언급해 사람 검토가 필요한 경계 사례로 라우팅합니다.,"문의해 주셔서 감사합니다. 이 내용은 층 진행, 잠금 해제, 보스, 층 보상 또는 타워 진행 조건에 가까운 문의로 확인됩니다. 다음 층 진행 여부는 현재 층 진행 상태와 조건 충족 여부에 따라 달라질 수 있습니다. 보스 층이나 보상 조건이 궁금한 경우에는 현재 도전 중인 층과 진행 상황을 함께 확인해 주세요. 이 문의는 담당 검토가 필요할 수 있으며, 확인 과정에서 추가 정보 요청이 있을 수 있습니다.",자동 안내 가능: 층 진행과 보상 조건 안내 문의입니다. Router reason: 기능 설명과 실제 동작 차이를 언급해 사람 검토가 필요한 경계 사례로 라우팅합니다.
73,라운드가 끝나도 층이 바로 올라가지 않는 경우 조건이 무엇인가요?,tower_progress,tower_progress,low,false,tower_progress_answer,"층 진행, 잠금 해제, 보스, 층 보상 문의로 판단해 타워 진행 안내로 라우팅합니다.","문의해 주셔서 감사합니다. 이 내용은 층 진행, 잠금 해제, 보스, 층 보상 또는 타워 진행 조건에 가까운 문의로 확인됩니다. 다음 층 진행 여부는 현재 층 진행 상태와 조건 충족 여부에 따라 달라질 수 있습니다. 보스 층이나 보상 조건이 궁금한 경우에는 현재 도전 중인 층과 진행 상황을 함께 확인해 주세요.","자동 안내 가능: 층 진행과 보상 조건 안내 문의입니다. predicted_category=tower_progress, urgency=low."
74,층 진행 보상을 받는 타이밍을 알려주세요.,tower_progress,tower_progress,high,true,bug_triage,"분류 category는 기능 문의이지만 실패, 미지급, 표시 오류 신호가 있어 버그 triage로 라우팅합니다.","제보해 주셔서 감사합니다. 이 내용은 실제 동작 오류나 진행 문제 가능성이 있어 검토가 필요한 문의로 확인됩니다. 확인을 위해 발생한 상황, 재현 순서, 사용한 마법사나 층 정보, 오류가 발생한 화면을 가능한 범위에서 알려주세요. 검토 후 원인 확인에 필요한 추가 정보가 있을 수 있습니다. 현재 문의는 우선 확인이 필요한 사례로 분류되었으므로, 재현 단계와 발생 시점을 최대한 구체적으로 남겨 주시면 검토에 도움이 됩니다.","사람 검토 필요: 오류 재현 정보와 상황 확인이 필요합니다. Router reason: 분류 category는 기능 문의이지만 실패, 미지급, 표시 오류 신호가 있어 버그 triage로 라우팅합니다."
75,타워 진행 중 골드 보상과 전투 중 골드는 별도로 관리되나요?,tower_progress,tower_progress,high,true,bug_triage,"분류 category는 기능 문의이지만 실패, 미지급, 표시 오류 신호가 있어 버그 triage로 라우팅합니다.","제보해 주셔서 감사합니다. 이 내용은 실제 동작 오류나 진행 문제 가능성이 있어 검토가 필요한 문의로 확인됩니다. 확인을 위해 발생한 상황, 재현 순서, 사용한 마법사나 층 정보, 오류가 발생한 화면을 가능한 범위에서 알려주세요. 검토 후 원인 확인에 필요한 추가 정보가 있을 수 있습니다. 현재 문의는 우선 확인이 필요한 사례로 분류되었으므로, 재현 단계와 발생 시점을 최대한 구체적으로 남겨 주시면 검토에 도움이 됩니다.","사람 검토 필요: 오류 재현 정보와 상황 확인이 필요합니다. Router reason: 분류 category는 기능 문의이지만 실패, 미지급, 표시 오류 신호가 있어 버그 triage로 라우팅합니다."
76,층 UI에서 잠긴 버튼과 열린 버튼을 구분하는 방법이 있나요?,tower_progress,tower_progress,low,false,tower_progress_answer,"층 진행, 잠금 해제, 보스, 층 보상 문의로 판단해 타워 진행 안내로 라우팅합니다.","문의해 주셔서 감사합니다. 이 내용은 층 진행, 잠금 해제, 보스, 층 보상 또는 타워 진행 조건에 가까운 문의로 확인됩니다. 다음 층 진행 여부는 현재 층 진행 상태와 조건 충족 여부에 따라 달라질 수 있습니다. 보스 층이나 보상 조건이 궁금한 경우에는 현재 도전 중인 층과 진행 상황을 함께 확인해 주세요.","자동 안내 가능: 층 진행과 보상 조건 안내 문의입니다. predicted_category=tower_progress, urgency=low."
77,보스 층에서 실패하면 같은 층을 다시 도전해야 하나요?,tower_progress,tower_progress,low,false,tower_progress_answer,"층 진행, 잠금 해제, 보스, 층 보상 문의로 판단해 타워 진행 안내로 라우팅합니다.","문의해 주셔서 감사합니다. 이 내용은 층 진행, 잠금 해제, 보스, 층 보상 또는 타워 진행 조건에 가까운 문의로 확인됩니다. 다음 층 진행 여부는 현재 층 진행 상태와 조건 충족 여부에 따라 달라질 수 있습니다. 보스 층이나 보상 조건이 궁금한 경우에는 현재 도전 중인 층과 진행 상황을 함께 확인해 주세요.","자동 안내 가능: 층 진행과 보상 조건 안내 문의입니다. predicted_category=tower_progress, urgency=low."
78,층을 선택한 뒤 시작 장면으로 넘어가는 과정이 궁금합니다.,tower_progress,tower_progress,low,false,tower_progress_answer,"층 진행, 잠금 해제, 보스, 층 보상 문의로 판단해 타워 진행 안내로 라우팅합니다.","문의해 주셔서 감사합니다. 이 내용은 층 진행, 잠금 해제, 보스, 층 보상 또는 타워 진행 조건에 가까운 문의로 확인됩니다. 다음 층 진행 여부는 현재 층 진행 상태와 조건 충족 여부에 따라 달라질 수 있습니다. 보스 층이나 보상 조건이 궁금한 경우에는 현재 도전 중인 층과 진행 상황을 함께 확인해 주세요.","자동 안내 가능: 층 진행과 보상 조건 안내 문의입니다. predicted_category=tower_progress, urgency=low."
79,초반 층에서 막히면 어느 층부터 다시 연습하는 게 좋나요?,tower_progress,tower_progress,low,false,tower_progress_answer,"층 진행, 잠금 해제, 보스, 층 보상 문의로 판단해 타워 진행 안내로 라우팅합니다.","문의해 주셔서 감사합니다. 이 내용은 층 진행, 잠금 해제, 보스, 층 보상 또는 타워 진행 조건에 가까운 문의로 확인됩니다. 다음 층 진행 여부는 현재 층 진행 상태와 조건 충족 여부에 따라 달라질 수 있습니다. 보스 층이나 보상 조건이 궁금한 경우에는 현재 도전 중인 층과 진행 상황을 함께 확인해 주세요.","자동 안내 가능: 층 진행과 보상 조건 안내 문의입니다. predicted_category=tower_progress, urgency=low."
80,층 진행과 라운드 진행의 차이를 쉽게 설명해 주세요.,tower_progress,tower_progress,low,false,tower_progress_answer,"층 진행, 잠금 해제, 보스, 층 보상 문의로 판단해 타워 진행 안내로 라우팅합니다.","문의해 주셔서 감사합니다. 이 내용은 층 진행, 잠금 해제, 보스, 층 보상 또는 타워 진행 조건에 가까운 문의로 확인됩니다. 다음 층 진행 여부는 현재 층 진행 상태와 조건 충족 여부에 따라 달라질 수 있습니다. 보스 층이나 보상 조건이 궁금한 경우에는 현재 도전 중인 층과 진행 상황을 함께 확인해 주세요.","자동 안내 가능: 층 진행과 보상 조건 안내 문의입니다. predicted_category=tower_progress, urgency=low."
81,번개 스킬은 어떤 대상에게 연쇄 피해를 주나요?,skill_combat,skill_combat,low,false,skill_combat_answer,"스킬 효과, 쿨타임, 피해 계산, 타격 판정 문의로 판단해 전투/스킬 안내로 라우팅합니다.","문의해 주셔서 감사합니다. 이 내용은 스킬 효과, 쿨타임, 피해 계산, 타격 판정 또는 전투 상호작용 관련 문의로 확인됩니다. 스킬은 대상, 범위, 발동 조건, 상태 효과에 따라 체감 결과가 달라질 수 있습니다. 특정 스킬이 기대와 다르게 보이는 경우에는 사용한 마법사, 대상 적, 전투 상황을 함께 확인하는 것이 좋습니다.","자동 안내 가능: 스킬/전투 규칙 안내 문의입니다. predicted_category=skill_combat, urgency=low."
82,오르펠의 빙결 스킬은 적을 얼마나 오래 멈추게 하나요?,skill_combat,skill_combat,low,false,skill_combat_answer,"스킬 효과, 쿨타임, 피해 계산, 타격 판정 문의로 판단해 전투/스킬 안내로 라우팅합니다.","문의해 주셔서 감사합니다. 이 내용은 스킬 효과, 쿨타임, 피해 계산, 타격 판정 또는 전투 상호작용 관련 문의로 확인됩니다. 스킬은 대상, 범위, 발동 조건, 상태 효과에 따라 체감 결과가 달라질 수 있습니다. 특정 스킬이 기대와 다르게 보이는 경우에는 사용한 마법사, 대상 적, 전투 상황을 함께 확인하는 것이 좋습니다.","자동 안내 가능: 스킬/전투 규칙 안내 문의입니다. predicted_category=skill_combat, urgency=low."
83,아르덴 화염 스킬의 범위와 피해 방식이 궁금합니다.,skill_combat,skill_combat,low,false,skill_combat_answer,"스킬 효과, 쿨타임, 피해 계산, 타격 판정 문의로 판단해 전투/스킬 안내로 라우팅합니다.","문의해 주셔서 감사합니다. 이 내용은 스킬 효과, 쿨타임, 피해 계산, 타격 판정 또는 전투 상호작용 관련 문의로 확인됩니다. 스킬은 대상, 범위, 발동 조건, 상태 효과에 따라 체감 결과가 달라질 수 있습니다. 특정 스킬이 기대와 다르게 보이는 경우에는 사용한 마법사, 대상 적, 전투 상황을 함께 확인하는 것이 좋습니다.","자동 안내 가능: 스킬/전투 규칙 안내 문의입니다. predicted_category=skill_combat, urgency=low."
84,루미엘 축복은 다른 마법사의 공격에도 영향을 주나요?,skill_combat,wizard_growth,low,false,growth_answer,"레벨업, 경험치, 성장 재료, 레조넌스 문의로 판단해 성장 안내로 라우팅합니다.","문의해 주셔서 감사합니다. 이 내용은 마법사 성장, 레벨업, 경험치, 성장 재료 또는 레조넌스 관련 문의로 확인됩니다. 이미 보유한 마법사를 강화하거나 성장시키는 경우에는 성장 재료, 경험치, 성장 단계 조건을 함께 확인해 주세요. 레조넌스나 성장 보너스는 획득 문의와 구분되는 성장 시스템으로 안내하는 것이 적절합니다.","자동 안내 가능: 성장, 경험치, 레조넌스 안내 문의입니다. predicted_category=wizard_growth, urgency=low."
85,노바린 번개 비 스킬은 무작위 적을 공격하나요?,skill_combat,skill_combat,low,false,skill_combat_answer,"스킬 효과, 쿨타임, 피해 계산, 타격 판정 문의로 판단해 전투/스킬 안내로 라우팅합니다.","문의해 주셔서 감사합니다. 이 내용은 스킬 효과, 쿨타임, 피해 계산, 타격 판정 또는 전투 상호작용 관련 문의로 확인됩니다. 스킬은 대상, 범위, 발동 조건, 상태 효과에 따라 체감 결과가 달라질 수 있습니다. 특정 스킬이 기대와 다르게 보이는 경우에는 사용한 마법사, 대상 적, 전투 상황을 함께 확인하는 것이 좋습니다.","자동 안내 가능: 스킬/전투 규칙 안내 문의입니다. predicted_category=skill_combat, urgency=low."
86,스킬 쿨타임이 끝났는지 전투 중 확인하는 방법이 있나요?,skill_combat,skill_combat,low,false,skill_combat_answer,"스킬 효과, 쿨타임, 피해 계산, 타격 판정 문의로 판단해 전투/스킬 안내로 라우팅합니다.","문의해 주셔서 감사합니다. 이 내용은 스킬 효과, 쿨타임, 피해 계산, 타격 판정 또는 전투 상호작용 관련 문의로 확인됩니다. 스킬은 대상, 범위, 발동 조건, 상태 효과에 따라 체감 결과가 달라질 수 있습니다. 특정 스킬이 기대와 다르게 보이는 경우에는 사용한 마법사, 대상 적, 전투 상황을 함께 확인하는 것이 좋습니다.","자동 안내 가능: 스킬/전투 규칙 안내 문의입니다. predicted_category=skill_combat, urgency=low."
87,기본 공격과 자동 스킬이 동시에 나가지 않는 경우가 정상인가요?,skill_combat,skill_combat,medium,true,skill_combat_answer,기능 설명과 실제 동작 차이를 언급해 사람 검토가 필요한 경계 사례로 라우팅합니다.,"문의해 주셔서 감사합니다. 이 내용은 스킬 효과, 쿨타임, 피해 계산, 타격 판정 또는 전투 상호작용 관련 문의로 확인됩니다. 스킬은 대상, 범위, 발동 조건, 상태 효과에 따라 체감 결과가 달라질 수 있습니다. 특정 스킬이 기대와 다르게 보이는 경우에는 사용한 마법사, 대상 적, 전투 상황을 함께 확인하는 것이 좋습니다. 이 문의는 담당 검토가 필요할 수 있으며, 확인 과정에서 추가 정보 요청이 있을 수 있습니다.",자동 안내 가능: 스킬/전투 규칙 안내 문의입니다. Router reason: 기능 설명과 실제 동작 차이를 언급해 사람 검토가 필요한 경계 사례로 라우팅합니다.
88,빙결과 둔화가 함께 걸리면 이동 속도는 어떻게 계산되나요?,skill_combat,skill_combat,low,false,skill_combat_answer,"스킬 효과, 쿨타임, 피해 계산, 타격 판정 문의로 판단해 전투/스킬 안내로 라우팅합니다.","문의해 주셔서 감사합니다. 이 내용은 스킬 효과, 쿨타임, 피해 계산, 타격 판정 또는 전투 상호작용 관련 문의로 확인됩니다. 스킬은 대상, 범위, 발동 조건, 상태 효과에 따라 체감 결과가 달라질 수 있습니다. 특정 스킬이 기대와 다르게 보이는 경우에는 사용한 마법사, 대상 적, 전투 상황을 함께 확인하는 것이 좋습니다.","자동 안내 가능: 스킬/전투 규칙 안내 문의입니다. predicted_category=skill_combat, urgency=low."
89,화상 피해는 적 체력 바에 바로 반영되나요?,skill_combat,skill_combat,low,false,skill_combat_answer,"스킬 효과, 쿨타임, 피해 계산, 타격 판정 문의로 판단해 전투/스킬 안내로 라우팅합니다.","문의해 주셔서 감사합니다. 이 내용은 스킬 효과, 쿨타임, 피해 계산, 타격 판정 또는 전투 상호작용 관련 문의로 확인됩니다. 스킬은 대상, 범위, 발동 조건, 상태 효과에 따라 체감 결과가 달라질 수 있습니다. 특정 스킬이 기대와 다르게 보이는 경우에는 사용한 마법사, 대상 적, 전투 상황을 함께 확인하는 것이 좋습니다.","자동 안내 가능: 스킬/전투 규칙 안내 문의입니다. predicted_category=skill_combat, urgency=low."
90,분열 슬라임에게 범위 스킬을 쓰면 새로 나온 적도 맞나요?,skill_combat,skill_combat,low,false,skill_combat_answer,"스킬 효과, 쿨타임, 피해 계산, 타격 판정 문의로 판단해 전투/스킬 안내로 라우팅합니다.","문의해 주셔서 감사합니다. 이 내용은 스킬 효과, 쿨타임, 피해 계산, 타격 판정 또는 전투 상호작용 관련 문의로 확인됩니다. 스킬은 대상, 범위, 발동 조건, 상태 효과에 따라 체감 결과가 달라질 수 있습니다. 특정 스킬이 기대와 다르게 보이는 경우에는 사용한 마법사, 대상 적, 전투 상황을 함께 확인하는 것이 좋습니다.","자동 안내 가능: 스킬/전투 규칙 안내 문의입니다. predicted_category=skill_combat, urgency=low."
91,마법 투사체가 가장 가까운 적을 우선 공격하나요?,skill_combat,skill_combat,low,false,skill_combat_answer,"스킬 효과, 쿨타임, 피해 계산, 타격 판정 문의로 판단해 전투/스킬 안내로 라우팅합니다.","문의해 주셔서 감사합니다. 이 내용은 스킬 효과, 쿨타임, 피해 계산, 타격 판정 또는 전투 상호작용 관련 문의로 확인됩니다. 스킬은 대상, 범위, 발동 조건, 상태 효과에 따라 체감 결과가 달라질 수 있습니다. 특정 스킬이 기대와 다르게 보이는 경우에는 사용한 마법사, 대상 적, 전투 상황을 함께 확인하는 것이 좋습니다.","자동 안내 가능: 스킬/전투 규칙 안내 문의입니다. predicted_category=skill_combat, urgency=low."
92,스킬 피해 계산에 전역 공격력 보너스가 포함되나요?,skill_combat,skill_combat,low,false,skill_combat_answer,"스킬 효과, 쿨타임, 피해 계산, 타격 판정 문의로 판단해 전투/스킬 안내로 라우팅합니다.","문의해 주셔서 감사합니다. 이 내용은 스킬 효과, 쿨타임, 피해 계산, 타격 판정 또는 전투 상호작용 관련 문의로 확인됩니다. 스킬은 대상, 범위, 발동 조건, 상태 효과에 따라 체감 결과가 달라질 수 있습니다. 특정 스킬이 기대와 다르게 보이는 경우에는 사용한 마법사, 대상 적, 전투 상황을 함께 확인하는 것이 좋습니다.","자동 안내 가능: 스킬/전투 규칙 안내 문의입니다. predicted_category=skill_combat, urgency=low."
93,상태 이상 효과가 보스에게도 똑같이 적용되나요?,skill_combat,tower_progress,medium,true,bug_triage,"분류 category는 기능 문의이지만 실패, 미지급, 표시 오류 신호가 있어 버그 triage로 라우팅합니다.","제보해 주셔서 감사합니다. 이 내용은 실제 동작 오류나 진행 문제 가능성이 있어 검토가 필요한 문의로 확인됩니다. 확인을 위해 발생한 상황, 재현 순서, 사용한 마법사나 층 정보, 오류가 발생한 화면을 가능한 범위에서 알려주세요. 검토 후 원인 확인에 필요한 추가 정보가 있을 수 있습니다. 이 문의는 담당 검토가 필요할 수 있으며, 확인 과정에서 추가 정보 요청이 있을 수 있습니다.","사람 검토 필요: 오류 재현 정보와 상황 확인이 필요합니다. Router reason: 분류 category는 기능 문의이지만 실패, 미지급, 표시 오류 신호가 있어 버그 triage로 라우팅합니다."
94,루미엘 축복 파동 효과가 보이면 실제 버프도 적용된 건가요?,skill_combat,skill_combat,low,false,skill_combat_answer,"스킬 효과, 쿨타임, 피해 계산, 타격 판정 문의로 판단해 전투/스킬 안내로 라우팅합니다.","문의해 주셔서 감사합니다. 이 내용은 스킬 효과, 쿨타임, 피해 계산, 타격 판정 또는 전투 상호작용 관련 문의로 확인됩니다. 스킬은 대상, 범위, 발동 조건, 상태 효과에 따라 체감 결과가 달라질 수 있습니다. 특정 스킬이 기대와 다르게 보이는 경우에는 사용한 마법사, 대상 적, 전투 상황을 함께 확인하는 것이 좋습니다.","자동 안내 가능: 스킬/전투 규칙 안내 문의입니다. predicted_category=skill_combat, urgency=low."
95,번개 체인 이펙트와 실제 피해 타이밍이 어떻게 연결되나요?,skill_combat,skill_combat,low,false,skill_combat_answer,"스킬 효과, 쿨타임, 피해 계산, 타격 판정 문의로 판단해 전투/스킬 안내로 라우팅합니다.","문의해 주셔서 감사합니다. 이 내용은 스킬 효과, 쿨타임, 피해 계산, 타격 판정 또는 전투 상호작용 관련 문의로 확인됩니다. 스킬은 대상, 범위, 발동 조건, 상태 효과에 따라 체감 결과가 달라질 수 있습니다. 특정 스킬이 기대와 다르게 보이는 경우에는 사용한 마법사, 대상 적, 전투 상황을 함께 확인하는 것이 좋습니다.","자동 안내 가능: 스킬/전투 규칙 안내 문의입니다. predicted_category=skill_combat, urgency=low."
96,오르펠 스킬 범위 안에 적이 없으면 스킬을 아끼나요?,skill_combat,skill_combat,low,false,skill_combat_answer,"스킬 효과, 쿨타임, 피해 계산, 타격 판정 문의로 판단해 전투/스킬 안내로 라우팅합니다.","문의해 주셔서 감사합니다. 이 내용은 스킬 효과, 쿨타임, 피해 계산, 타격 판정 또는 전투 상호작용 관련 문의로 확인됩니다. 스킬은 대상, 범위, 발동 조건, 상태 효과에 따라 체감 결과가 달라질 수 있습니다. 특정 스킬이 기대와 다르게 보이는 경우에는 사용한 마법사, 대상 적, 전투 상황을 함께 확인하는 것이 좋습니다.","자동 안내 가능: 스킬/전투 규칙 안내 문의입니다. predicted_category=skill_combat, urgency=low."
97,불 속성 공격과 화상 지속 피해는 별도 피해로 계산되나요?,skill_combat,skill_combat,low,false,skill_combat_answer,"스킬 효과, 쿨타임, 피해 계산, 타격 판정 문의로 판단해 전투/스킬 안내로 라우팅합니다.","문의해 주셔서 감사합니다. 이 내용은 스킬 효과, 쿨타임, 피해 계산, 타격 판정 또는 전투 상호작용 관련 문의로 확인됩니다. 스킬은 대상, 범위, 발동 조건, 상태 효과에 따라 체감 결과가 달라질 수 있습니다. 특정 스킬이 기대와 다르게 보이는 경우에는 사용한 마법사, 대상 적, 전투 상황을 함께 확인하는 것이 좋습니다.","자동 안내 가능: 스킬/전투 규칙 안내 문의입니다. predicted_category=skill_combat, urgency=low."
98,스킬이 발동하는 동안 기본 공격이 잠기는 이유가 궁금합니다.,skill_combat,skill_combat,low,false,skill_combat_answer,"스킬 효과, 쿨타임, 피해 계산, 타격 판정 문의로 판단해 전투/스킬 안내로 라우팅합니다.","문의해 주셔서 감사합니다. 이 내용은 스킬 효과, 쿨타임, 피해 계산, 타격 판정 또는 전투 상호작용 관련 문의로 확인됩니다. 스킬은 대상, 범위, 발동 조건, 상태 효과에 따라 체감 결과가 달라질 수 있습니다. 특정 스킬이 기대와 다르게 보이는 경우에는 사용한 마법사, 대상 적, 전투 상황을 함께 확인하는 것이 좋습니다.","자동 안내 가능: 스킬/전투 규칙 안내 문의입니다. predicted_category=skill_combat, urgency=low."
99,적이 경로 끝에 가까울 때 스킬 우선순위가 달라지나요?,skill_combat,skill_combat,low,false,skill_combat_answer,"스킬 효과, 쿨타임, 피해 계산, 타격 판정 문의로 판단해 전투/스킬 안내로 라우팅합니다.","문의해 주셔서 감사합니다. 이 내용은 스킬 효과, 쿨타임, 피해 계산, 타격 판정 또는 전투 상호작용 관련 문의로 확인됩니다. 스킬은 대상, 범위, 발동 조건, 상태 효과에 따라 체감 결과가 달라질 수 있습니다. 특정 스킬이 기대와 다르게 보이는 경우에는 사용한 마법사, 대상 적, 전투 상황을 함께 확인하는 것이 좋습니다.","자동 안내 가능: 스킬/전투 규칙 안내 문의입니다. predicted_category=skill_combat, urgency=low."
100,피해 팝업 숫자와 실제 체력 감소가 같은 기준인지 알고 싶어요.,skill_combat,skill_combat,low,false,skill_combat_answer,"스킬 효과, 쿨타임, 피해 계산, 타격 판정 문의로 판단해 전투/스킬 안내로 라우팅합니다.","문의해 주셔서 감사합니다. 이 내용은 스킬 효과, 쿨타임, 피해 계산, 타격 판정 또는 전투 상호작용 관련 문의로 확인됩니다. 스킬은 대상, 범위, 발동 조건, 상태 효과에 따라 체감 결과가 달라질 수 있습니다. 특정 스킬이 기대와 다르게 보이는 경우에는 사용한 마법사, 대상 적, 전투 상황을 함께 확인하는 것이 좋습니다.","자동 안내 가능: 스킬/전투 규칙 안내 문의입니다. predicted_category=skill_combat, urgency=low."
101,레조넌스 작동 후 전설 마법사가 생성되지 않고 재료만 사라졌어요.,bug_report,bug_report,high,true,bug_triage,"진행 불가, 크래시, 보상/재화 손실 가능성이 있어 high 우선순위 버그 triage로 라우팅합니다.","제보해 주셔서 감사합니다. 이 내용은 실제 동작 오류나 진행 문제 가능성이 있어 검토가 필요한 문의로 확인됩니다. 확인을 위해 발생한 상황, 재현 순서, 사용한 마법사나 층 정보, 오류가 발생한 화면을 가능한 범위에서 알려주세요. 검토 후 원인 확인에 필요한 추가 정보가 있을 수 있습니다. 현재 문의는 우선 확인이 필요한 사례로 분류되었으므로, 재현 단계와 발생 시점을 최대한 구체적으로 남겨 주시면 검토에 도움이 됩니다.","사람 검토 필요: 오류 재현 정보와 상황 확인이 필요합니다. Router reason: 진행 불가, 크래시, 보상/재화 손실 가능성이 있어 high 우선순위 버그 triage로 라우팅합니다."
102,마법사 소환 버튼을 눌렀는데 골드만 줄고 새 마법사가 나오지 않았습니다.,bug_report,bug_report,medium,true,bug_triage,실제 동작 실패나 손실 가능성이 있어 버그 재현 확인 절차로 라우팅합니다.,"제보해 주셔서 감사합니다. 이 내용은 실제 동작 오류나 진행 문제 가능성이 있어 검토가 필요한 문의로 확인됩니다. 확인을 위해 발생한 상황, 재현 순서, 사용한 마법사나 층 정보, 오류가 발생한 화면을 가능한 범위에서 알려주세요. 검토 후 원인 확인에 필요한 추가 정보가 있을 수 있습니다. 이 문의는 담당 검토가 필요할 수 있으며, 확인 과정에서 추가 정보 요청이 있을 수 있습니다.",사람 검토 필요: 오류 재현 정보와 상황 확인이 필요합니다. Router reason: 실제 동작 실패나 손실 가능성이 있어 버그 재현 확인 절차로 라우팅합니다.
103,소환 UI가 멈춘 뒤 전투 진행이 안 됩니다.,bug_report,bug_report,high,true,bug_triage,"진행 불가, 크래시, 보상/재화 손실 가능성이 있어 high 우선순위 버그 triage로 라우팅합니다.","제보해 주셔서 감사합니다. 이 내용은 실제 동작 오류나 진행 문제 가능성이 있어 검토가 필요한 문의로 확인됩니다. 확인을 위해 발생한 상황, 재현 순서, 사용한 마법사나 층 정보, 오류가 발생한 화면을 가능한 범위에서 알려주세요. 검토 후 원인 확인에 필요한 추가 정보가 있을 수 있습니다. 현재 문의는 우선 확인이 필요한 사례로 분류되었으므로, 재현 단계와 발생 시점을 최대한 구체적으로 남겨 주시면 검토에 도움이 됩니다.","사람 검토 필요: 오류 재현 정보와 상황 확인이 필요합니다. Router reason: 진행 불가, 크래시, 보상/재화 손실 가능성이 있어 high 우선순위 버그 triage로 라우팅합니다."
104,마법사를 배치한 뒤 클릭 입력을 간헐적으로 인식하지 못합니다.,bug_report,bug_report,medium,true,bug_triage,실제 동작 실패나 손실 가능성이 있어 버그 재현 확인 절차로 라우팅합니다.,"제보해 주셔서 감사합니다. 이 내용은 실제 동작 오류나 진행 문제 가능성이 있어 검토가 필요한 문의로 확인됩니다. 확인을 위해 발생한 상황, 재현 순서, 사용한 마법사나 층 정보, 오류가 발생한 화면을 가능한 범위에서 알려주세요. 검토 후 원인 확인에 필요한 추가 정보가 있을 수 있습니다. 이 문의는 담당 검토가 필요할 수 있으며, 확인 과정에서 추가 정보 요청이 있을 수 있습니다.",사람 검토 필요: 오류 재현 정보와 상황 확인이 필요합니다. Router reason: 실제 동작 실패나 손실 가능성이 있어 버그 재현 확인 절차로 라우팅합니다.
105,중앙 언덕 안에 있는데도 마법사가 갑자기 밖으로 튕겨 나가 보입니다.,bug_report,bug_report,high,true,bug_triage,"진행 불가, 크래시, 보상/재화 손실 가능성이 있어 high 우선순위 버그 triage로 라우팅합니다.","제보해 주셔서 감사합니다. 이 내용은 실제 동작 오류나 진행 문제 가능성이 있어 검토가 필요한 문의로 확인됩니다. 확인을 위해 발생한 상황, 재현 순서, 사용한 마법사나 층 정보, 오류가 발생한 화면을 가능한 범위에서 알려주세요. 검토 후 원인 확인에 필요한 추가 정보가 있을 수 있습니다. 현재 문의는 우선 확인이 필요한 사례로 분류되었으므로, 재현 단계와 발생 시점을 최대한 구체적으로 남겨 주시면 검토에 도움이 됩니다.","사람 검토 필요: 오류 재현 정보와 상황 확인이 필요합니다. Router reason: 진행 불가, 크래시, 보상/재화 손실 가능성이 있어 high 우선순위 버그 triage로 라우팅합니다."
106,적 경로 위에 소환 포인트가 생긴 것처럼 보여서 적 이동이 이상합니다.,bug_report,bug_report,medium,true,bug_triage,실제 동작 실패나 손실 가능성이 있어 버그 재현 확인 절차로 라우팅합니다.,"제보해 주셔서 감사합니다. 이 내용은 실제 동작 오류나 진행 문제 가능성이 있어 검토가 필요한 문의로 확인됩니다. 확인을 위해 발생한 상황, 재현 순서, 사용한 마법사나 층 정보, 오류가 발생한 화면을 가능한 범위에서 알려주세요. 검토 후 원인 확인에 필요한 추가 정보가 있을 수 있습니다. 이 문의는 담당 검토가 필요할 수 있으며, 확인 과정에서 추가 정보 요청이 있을 수 있습니다.",사람 검토 필요: 오류 재현 정보와 상황 확인이 필요합니다. Router reason: 실제 동작 실패나 손실 가능성이 있어 버그 재현 확인 절차로 라우팅합니다.
107,타워 층을 선택했는데 전투에서는 다른 층으로 시작됩니다.,bug_report,bug_report,medium,true,bug_triage,실제 동작 실패나 손실 가능성이 있어 버그 재현 확인 절차로 라우팅합니다.,"제보해 주셔서 감사합니다. 이 내용은 실제 동작 오류나 진행 문제 가능성이 있어 검토가 필요한 문의로 확인됩니다. 확인을 위해 발생한 상황, 재현 순서, 사용한 마법사나 층 정보, 오류가 발생한 화면을 가능한 범위에서 알려주세요. 검토 후 원인 확인에 필요한 추가 정보가 있을 수 있습니다. 이 문의는 담당 검토가 필요할 수 있으며, 확인 과정에서 추가 정보 요청이 있을 수 있습니다.",사람 검토 필요: 오류 재현 정보와 상황 확인이 필요합니다. Router reason: 실제 동작 실패나 손실 가능성이 있어 버그 재현 확인 절차로 라우팅합니다.
108,층 클리어 후 보상 화면 없이 마을로 돌아가 버렸습니다.,bug_report,bug_report,high,true,bug_triage,"진행 불가, 크래시, 보상/재화 손실 가능성이 있어 high 우선순위 버그 triage로 라우팅합니다.","제보해 주셔서 감사합니다. 이 내용은 실제 동작 오류나 진행 문제 가능성이 있어 검토가 필요한 문의로 확인됩니다. 확인을 위해 발생한 상황, 재현 순서, 사용한 마법사나 층 정보, 오류가 발생한 화면을 가능한 범위에서 알려주세요. 검토 후 원인 확인에 필요한 추가 정보가 있을 수 있습니다. 현재 문의는 우선 확인이 필요한 사례로 분류되었으므로, 재현 단계와 발생 시점을 최대한 구체적으로 남겨 주시면 검토에 도움이 됩니다.","사람 검토 필요: 오류 재현 정보와 상황 확인이 필요합니다. Router reason: 진행 불가, 크래시, 보상/재화 손실 가능성이 있어 high 우선순위 버그 triage로 라우팅합니다."
109,레벨 보상이 두 번 지급된 것 같습니다 확인 부탁드립니다.,bug_report,bug_report,high,true,bug_triage,"진행 불가, 크래시, 보상/재화 손실 가능성이 있어 high 우선순위 버그 triage로 라우팅합니다.","제보해 주셔서 감사합니다. 이 내용은 실제 동작 오류나 진행 문제 가능성이 있어 검토가 필요한 문의로 확인됩니다. 확인을 위해 발생한 상황, 재현 순서, 사용한 마법사나 층 정보, 오류가 발생한 화면을 가능한 범위에서 알려주세요. 검토 후 원인 확인에 필요한 추가 정보가 있을 수 있습니다. 현재 문의는 우선 확인이 필요한 사례로 분류되었으므로, 재현 단계와 발생 시점을 최대한 구체적으로 남겨 주시면 검토에 도움이 됩니다.","사람 검토 필요: 오류 재현 정보와 상황 확인이 필요합니다. Router reason: 진행 불가, 크래시, 보상/재화 손실 가능성이 있어 high 우선순위 버그 triage로 라우팅합니다."
110,게임이 특정 라운드에서 강제 종료됩니다.,bug_report,bug_report,high,true,bug_triage,"진행 불가, 크래시, 보상/재화 손실 가능성이 있어 high 우선순위 버그 triage로 라우팅합니다.","제보해 주셔서 감사합니다. 이 내용은 실제 동작 오류나 진행 문제 가능성이 있어 검토가 필요한 문의로 확인됩니다. 확인을 위해 발생한 상황, 재현 순서, 사용한 마법사나 층 정보, 오류가 발생한 화면을 가능한 범위에서 알려주세요. 검토 후 원인 확인에 필요한 추가 정보가 있을 수 있습니다. 현재 문의는 우선 확인이 필요한 사례로 분류되었으므로, 재현 단계와 발생 시점을 최대한 구체적으로 남겨 주시면 검토에 도움이 됩니다.","사람 검토 필요: 오류 재현 정보와 상황 확인이 필요합니다. Router reason: 진행 불가, 크래시, 보상/재화 손실 가능성이 있어 high 우선순위 버그 triage로 라우팅합니다."
111,프레임 드랍이 적이 많이 몰릴 때만 심하게 발생합니다.,bug_report,bug_report,medium,true,bug_triage,실제 동작 실패나 손실 가능성이 있어 버그 재현 확인 절차로 라우팅합니다.,"제보해 주셔서 감사합니다. 이 내용은 실제 동작 오류나 진행 문제 가능성이 있어 검토가 필요한 문의로 확인됩니다. 확인을 위해 발생한 상황, 재현 순서, 사용한 마법사나 층 정보, 오류가 발생한 화면을 가능한 범위에서 알려주세요. 검토 후 원인 확인에 필요한 추가 정보가 있을 수 있습니다. 이 문의는 담당 검토가 필요할 수 있으며, 확인 과정에서 추가 정보 요청이 있을 수 있습니다.",사람 검토 필요: 오류 재현 정보와 상황 확인이 필요합니다. Router reason: 실제 동작 실패나 손실 가능성이 있어 버그 재현 확인 절차로 라우팅합니다.
112,그래픽이 깨져서 마법사와 적이 겹쳐 보입니다.,bug_report,bug_report,medium,true,bug_triage,실제 동작 실패나 손실 가능성이 있어 버그 재현 확인 절차로 라우팅합니다.,"제보해 주셔서 감사합니다. 이 내용은 실제 동작 오류나 진행 문제 가능성이 있어 검토가 필요한 문의로 확인됩니다. 확인을 위해 발생한 상황, 재현 순서, 사용한 마법사나 층 정보, 오류가 발생한 화면을 가능한 범위에서 알려주세요. 검토 후 원인 확인에 필요한 추가 정보가 있을 수 있습니다. 이 문의는 담당 검토가 필요할 수 있으며, 확인 과정에서 추가 정보 요청이 있을 수 있습니다.",사람 검토 필요: 오류 재현 정보와 상황 확인이 필요합니다. Router reason: 실제 동작 실패나 손실 가능성이 있어 버그 재현 확인 절차로 라우팅합니다.
113,플레이 중 간헐적으로 사운드가 끊깁니다.,bug_report,bug_report,medium,true,bug_triage,실제 동작 실패나 손실 가능성이 있어 버그 재현 확인 절차로 라우팅합니다.,"제보해 주셔서 감사합니다. 이 내용은 실제 동작 오류나 진행 문제 가능성이 있어 검토가 필요한 문의로 확인됩니다. 확인을 위해 발생한 상황, 재현 순서, 사용한 마법사나 층 정보, 오류가 발생한 화면을 가능한 범위에서 알려주세요. 검토 후 원인 확인에 필요한 추가 정보가 있을 수 있습니다. 이 문의는 담당 검토가 필요할 수 있으며, 확인 과정에서 추가 정보 요청이 있을 수 있습니다.",사람 검토 필요: 오류 재현 정보와 상황 확인이 필요합니다. Router reason: 실제 동작 실패나 손실 가능성이 있어 버그 재현 확인 절차로 라우팅합니다.
114,음악 버튼을 눌러도 볼륨 상태가 바뀌지 않습니다.,bug_report,bug_report,medium,true,bug_triage,실제 동작 실패나 손실 가능성이 있어 버그 재현 확인 절차로 라우팅합니다.,"제보해 주셔서 감사합니다. 이 내용은 실제 동작 오류나 진행 문제 가능성이 있어 검토가 필요한 문의로 확인됩니다. 확인을 위해 발생한 상황, 재현 순서, 사용한 마법사나 층 정보, 오류가 발생한 화면을 가능한 범위에서 알려주세요. 검토 후 원인 확인에 필요한 추가 정보가 있을 수 있습니다. 이 문의는 담당 검토가 필요할 수 있으며, 확인 과정에서 추가 정보 요청이 있을 수 있습니다.",사람 검토 필요: 오류 재현 정보와 상황 확인이 필요합니다. Router reason: 실제 동작 실패나 손실 가능성이 있어 버그 재현 확인 절차로 라우팅합니다.
115,루미엘 축복 이펙트는 보이는데 공격력 보너스가 적용되지 않는 것 같습니다.,bug_report,bug_report,medium,true,bug_triage,실제 동작 실패나 손실 가능성이 있어 버그 재현 확인 절차로 라우팅합니다.,"제보해 주셔서 감사합니다. 이 내용은 실제 동작 오류나 진행 문제 가능성이 있어 검토가 필요한 문의로 확인됩니다. 확인을 위해 발생한 상황, 재현 순서, 사용한 마법사나 층 정보, 오류가 발생한 화면을 가능한 범위에서 알려주세요. 검토 후 원인 확인에 필요한 추가 정보가 있을 수 있습니다. 이 문의는 담당 검토가 필요할 수 있으며, 확인 과정에서 추가 정보 요청이 있을 수 있습니다.",사람 검토 필요: 오류 재현 정보와 상황 확인이 필요합니다. Router reason: 실제 동작 실패나 손실 가능성이 있어 버그 재현 확인 절차로 라우팅합니다.
116,오르펠 빙결 스킬이 발동했는데 적이 계속 움직입니다.,bug_report,bug_report,medium,true,bug_triage,실제 동작 실패나 손실 가능성이 있어 버그 재현 확인 절차로 라우팅합니다.,"제보해 주셔서 감사합니다. 이 내용은 실제 동작 오류나 진행 문제 가능성이 있어 검토가 필요한 문의로 확인됩니다. 확인을 위해 발생한 상황, 재현 순서, 사용한 마법사나 층 정보, 오류가 발생한 화면을 가능한 범위에서 알려주세요. 검토 후 원인 확인에 필요한 추가 정보가 있을 수 있습니다. 이 문의는 담당 검토가 필요할 수 있으며, 확인 과정에서 추가 정보 요청이 있을 수 있습니다.",사람 검토 필요: 오류 재현 정보와 상황 확인이 필요합니다. Router reason: 실제 동작 실패나 손실 가능성이 있어 버그 재현 확인 절차로 라우팅합니다.
117,번개 체인 이펙트가 적과 연결되지 않고 허공에 남아 있습니다.,bug_report,bug_report,medium,true,bug_triage,실제 동작 실패나 손실 가능성이 있어 버그 재현 확인 절차로 라우팅합니다.,"제보해 주셔서 감사합니다. 이 내용은 실제 동작 오류나 진행 문제 가능성이 있어 검토가 필요한 문의로 확인됩니다. 확인을 위해 발생한 상황, 재현 순서, 사용한 마법사나 층 정보, 오류가 발생한 화면을 가능한 범위에서 알려주세요. 검토 후 원인 확인에 필요한 추가 정보가 있을 수 있습니다. 이 문의는 담당 검토가 필요할 수 있으며, 확인 과정에서 추가 정보 요청이 있을 수 있습니다.",사람 검토 필요: 오류 재현 정보와 상황 확인이 필요합니다. Router reason: 실제 동작 실패나 손실 가능성이 있어 버그 재현 확인 절차로 라우팅합니다.
118,화상 이펙트가 끝났는데 적이 계속 피해를 받는 것 같습니다.,bug_report,bug_report,medium,true,bug_triage,실제 동작 실패나 손실 가능성이 있어 버그 재현 확인 절차로 라우팅합니다.,"제보해 주셔서 감사합니다. 이 내용은 실제 동작 오류나 진행 문제 가능성이 있어 검토가 필요한 문의로 확인됩니다. 확인을 위해 발생한 상황, 재현 순서, 사용한 마법사나 층 정보, 오류가 발생한 화면을 가능한 범위에서 알려주세요. 검토 후 원인 확인에 필요한 추가 정보가 있을 수 있습니다. 이 문의는 담당 검토가 필요할 수 있으며, 확인 과정에서 추가 정보 요청이 있을 수 있습니다.",사람 검토 필요: 오류 재현 정보와 상황 확인이 필요합니다. Router reason: 실제 동작 실패나 손실 가능성이 있어 버그 재현 확인 절차로 라우팅합니다.
119,분열 슬라임 처치 후 작은 슬라임이 경로를 벗어나 움직입니다.,bug_report,bug_report,medium,true,bug_triage,실제 동작 실패나 손실 가능성이 있어 버그 재현 확인 절차로 라우팅합니다.,"제보해 주셔서 감사합니다. 이 내용은 실제 동작 오류나 진행 문제 가능성이 있어 검토가 필요한 문의로 확인됩니다. 확인을 위해 발생한 상황, 재현 순서, 사용한 마법사나 층 정보, 오류가 발생한 화면을 가능한 범위에서 알려주세요. 검토 후 원인 확인에 필요한 추가 정보가 있을 수 있습니다. 이 문의는 담당 검토가 필요할 수 있으며, 확인 과정에서 추가 정보 요청이 있을 수 있습니다.",사람 검토 필요: 오류 재현 정보와 상황 확인이 필요합니다. Router reason: 실제 동작 실패나 손실 가능성이 있어 버그 재현 확인 절차로 라우팅합니다.
120,저장된 진행도가 사라져서 이전 층부터 다시 시작됩니다.,bug_report,bug_report,high,true,bug_triage,"진행 불가, 크래시, 보상/재화 손실 가능성이 있어 high 우선순위 버그 triage로 라우팅합니다.","제보해 주셔서 감사합니다. 이 내용은 실제 동작 오류나 진행 문제 가능성이 있어 검토가 필요한 문의로 확인됩니다. 확인을 위해 발생한 상황, 재현 순서, 사용한 마법사나 층 정보, 오류가 발생한 화면을 가능한 범위에서 알려주세요. 검토 후 원인 확인에 필요한 추가 정보가 있을 수 있습니다. 현재 문의는 우선 확인이 필요한 사례로 분류되었으므로, 재현 단계와 발생 시점을 최대한 구체적으로 남겨 주시면 검토에 도움이 됩니다.","사람 검토 필요: 오류 재현 정보와 상황 확인이 필요합니다. Router reason: 진행 불가, 크래시, 보상/재화 손실 가능성이 있어 high 우선순위 버그 triage로 라우팅합니다."
121,타워 스크롤 UI가 열릴 때 버튼이 겹쳐 눌리지 않습니다.,bug_report,bug_report,medium,true,bug_triage,실제 동작 실패나 손실 가능성이 있어 버그 재현 확인 절차로 라우팅합니다.,"제보해 주셔서 감사합니다. 이 내용은 실제 동작 오류나 진행 문제 가능성이 있어 검토가 필요한 문의로 확인됩니다. 확인을 위해 발생한 상황, 재현 순서, 사용한 마법사나 층 정보, 오류가 발생한 화면을 가능한 범위에서 알려주세요. 검토 후 원인 확인에 필요한 추가 정보가 있을 수 있습니다. 이 문의는 담당 검토가 필요할 수 있으며, 확인 과정에서 추가 정보 요청이 있을 수 있습니다.",사람 검토 필요: 오류 재현 정보와 상황 확인이 필요합니다. Router reason: 실제 동작 실패나 손실 가능성이 있어 버그 재현 확인 절차로 라우팅합니다.
122,전투 속도 버튼을 눌렀는데 속도가 바뀌지 않습니다.,bug_report,bug_report,medium,true,bug_triage,실제 동작 실패나 손실 가능성이 있어 버그 재현 확인 절차로 라우팅합니다.,"제보해 주셔서 감사합니다. 이 내용은 실제 동작 오류나 진행 문제 가능성이 있어 검토가 필요한 문의로 확인됩니다. 확인을 위해 발생한 상황, 재현 순서, 사용한 마법사나 층 정보, 오류가 발생한 화면을 가능한 범위에서 알려주세요. 검토 후 원인 확인에 필요한 추가 정보가 있을 수 있습니다. 이 문의는 담당 검토가 필요할 수 있으며, 확인 과정에서 추가 정보 요청이 있을 수 있습니다.",사람 검토 필요: 오류 재현 정보와 상황 확인이 필요합니다. Router reason: 실제 동작 실패나 손실 가능성이 있어 버그 재현 확인 절차로 라우팅합니다.
123,아케인 연구 성공 메시지는 떴는데 공격력 수치가 변하지 않았습니다.,bug_report,bug_report,medium,true,bug_triage,실제 동작 실패나 손실 가능성이 있어 버그 재현 확인 절차로 라우팅합니다.,"제보해 주셔서 감사합니다. 이 내용은 실제 동작 오류나 진행 문제 가능성이 있어 검토가 필요한 문의로 확인됩니다. 확인을 위해 발생한 상황, 재현 순서, 사용한 마법사나 층 정보, 오류가 발생한 화면을 가능한 범위에서 알려주세요. 검토 후 원인 확인에 필요한 추가 정보가 있을 수 있습니다. 이 문의는 담당 검토가 필요할 수 있으며, 확인 과정에서 추가 정보 요청이 있을 수 있습니다.",사람 검토 필요: 오류 재현 정보와 상황 확인이 필요합니다. Router reason: 실제 동작 실패나 손실 가능성이 있어 버그 재현 확인 절차로 라우팅합니다.
124,마법사 합성 후 결과 마법사가 생성되지 않고 두 재료가 사라졌습니다.,bug_report,bug_report,high,true,bug_triage,"진행 불가, 크래시, 보상/재화 손실 가능성이 있어 high 우선순위 버그 triage로 라우팅합니다.","제보해 주셔서 감사합니다. 이 내용은 실제 동작 오류나 진행 문제 가능성이 있어 검토가 필요한 문의로 확인됩니다. 확인을 위해 발생한 상황, 재현 순서, 사용한 마법사나 층 정보, 오류가 발생한 화면을 가능한 범위에서 알려주세요. 검토 후 원인 확인에 필요한 추가 정보가 있을 수 있습니다. 현재 문의는 우선 확인이 필요한 사례로 분류되었으므로, 재현 단계와 발생 시점을 최대한 구체적으로 남겨 주시면 검토에 도움이 됩니다.","사람 검토 필요: 오류 재현 정보와 상황 확인이 필요합니다. Router reason: 진행 불가, 크래시, 보상/재화 손실 가능성이 있어 high 우선순위 버그 triage로 라우팅합니다."
125,전투 중 피해 팝업이 화면 밖에 표시되어 숫자를 확인할 수 없습니다.,bug_report,bug_report,medium,true,bug_triage,실제 동작 실패나 손실 가능성이 있어 버그 재현 확인 절차로 라우팅합니다.,"제보해 주셔서 감사합니다. 이 내용은 실제 동작 오류나 진행 문제 가능성이 있어 검토가 필요한 문의로 확인됩니다. 확인을 위해 발생한 상황, 재현 순서, 사용한 마법사나 층 정보, 오류가 발생한 화면을 가능한 범위에서 알려주세요. 검토 후 원인 확인에 필요한 추가 정보가 있을 수 있습니다. 이 문의는 담당 검토가 필요할 수 있으며, 확인 과정에서 추가 정보 요청이 있을 수 있습니다.",사람 검토 필요: 오류 재현 정보와 상황 확인이 필요합니다. Router reason: 실제 동작 실패나 손실 가능성이 있어 버그 재현 확인 절차로 라우팅합니다.
126,초반 골드 획득량이 소환 비용에 비해 너무 낮게 느껴집니다.,feedback_balance,feedback_balance,medium,true,balance_feedback_ack,"비용, 확률, 효율, 강약 평가가 포함되어 밸런스 검토 대상으로 라우팅합니다.","의견을 보내주셔서 감사합니다. 이 내용은 밸런스, 비용, 확률, 효율 또는 특정 조합의 강약에 대한 피드백으로 확인됩니다. 보내주신 의견은 게임 밸런스 검토 참고 자료로 정리할 수 있습니다. 다만 조정 여부나 적용 시점은 확정해서 안내드리기 어렵습니다. 이 문의는 담당 검토가 필요할 수 있으며, 확인 과정에서 추가 정보 요청이 있을 수 있습니다.","사람 검토 필요: 밸런스 정책 판단에 참고할 피드백입니다. Router reason: 비용, 확률, 효율, 강약 평가가 포함되어 밸런스 검토 대상으로 라우팅합니다."
127,아케인 연구 비용 대비 공격력 증가량이 약한 것 같습니다.,feedback_balance,feedback_balance,medium,true,balance_feedback_ack,"비용, 확률, 효율, 강약 평가가 포함되어 밸런스 검토 대상으로 라우팅합니다.","의견을 보내주셔서 감사합니다. 이 내용은 밸런스, 비용, 확률, 효율 또는 특정 조합의 강약에 대한 피드백으로 확인됩니다. 보내주신 의견은 게임 밸런스 검토 참고 자료로 정리할 수 있습니다. 다만 조정 여부나 적용 시점은 확정해서 안내드리기 어렵습니다. 이 문의는 담당 검토가 필요할 수 있으며, 확인 과정에서 추가 정보 요청이 있을 수 있습니다.","사람 검토 필요: 밸런스 정책 판단에 참고할 피드백입니다. Router reason: 비용, 확률, 효율, 강약 평가가 포함되어 밸런스 검토 대상으로 라우팅합니다."
128,타워 업그레이드 비용 대비 진행 효율이 낮습니다.,feedback_balance,feedback_balance,medium,true,balance_feedback_ack,"비용, 확률, 효율, 강약 평가가 포함되어 밸런스 검토 대상으로 라우팅합니다.","의견을 보내주셔서 감사합니다. 이 내용은 밸런스, 비용, 확률, 효율 또는 특정 조합의 강약에 대한 피드백으로 확인됩니다. 보내주신 의견은 게임 밸런스 검토 참고 자료로 정리할 수 있습니다. 다만 조정 여부나 적용 시점은 확정해서 안내드리기 어렵습니다. 이 문의는 담당 검토가 필요할 수 있으며, 확인 과정에서 추가 정보 요청이 있을 수 있습니다.","사람 검토 필요: 밸런스 정책 판단에 참고할 피드백입니다. Router reason: 비용, 확률, 효율, 강약 평가가 포함되어 밸런스 검토 대상으로 라우팅합니다."
129,전설 마법사 등장 확률이 낮아 운 요소가 너무 큽니다.,feedback_balance,feedback_balance,medium,true,balance_feedback_ack,"비용, 확률, 효율, 강약 평가가 포함되어 밸런스 검토 대상으로 라우팅합니다.","의견을 보내주셔서 감사합니다. 이 내용은 밸런스, 비용, 확률, 효율 또는 특정 조합의 강약에 대한 피드백으로 확인됩니다. 보내주신 의견은 게임 밸런스 검토 참고 자료로 정리할 수 있습니다. 다만 조정 여부나 적용 시점은 확정해서 안내드리기 어렵습니다. 이 문의는 담당 검토가 필요할 수 있으며, 확인 과정에서 추가 정보 요청이 있을 수 있습니다.","사람 검토 필요: 밸런스 정책 판단에 참고할 피드백입니다. Router reason: 비용, 확률, 효율, 강약 평가가 포함되어 밸런스 검토 대상으로 라우팅합니다."
130,특정 스킬 조합만 지나치게 강해서 다른 조합을 쓰기 어렵습니다.,feedback_balance,feedback_balance,medium,true,balance_feedback_ack,"비용, 확률, 효율, 강약 평가가 포함되어 밸런스 검토 대상으로 라우팅합니다.","의견을 보내주셔서 감사합니다. 이 내용은 밸런스, 비용, 확률, 효율 또는 특정 조합의 강약에 대한 피드백으로 확인됩니다. 보내주신 의견은 게임 밸런스 검토 참고 자료로 정리할 수 있습니다. 다만 조정 여부나 적용 시점은 확정해서 안내드리기 어렵습니다. 이 문의는 담당 검토가 필요할 수 있으며, 확인 과정에서 추가 정보 요청이 있을 수 있습니다.","사람 검토 필요: 밸런스 정책 판단에 참고할 피드백입니다. Router reason: 비용, 확률, 효율, 강약 평가가 포함되어 밸런스 검토 대상으로 라우팅합니다."
131,번개 체인 스킬이 많은 적에게 너무 강하게 작동하는 것 같습니다.,feedback_balance,feedback_balance,medium,true,balance_feedback_ack,"비용, 확률, 효율, 강약 평가가 포함되어 밸런스 검토 대상으로 라우팅합니다.","의견을 보내주셔서 감사합니다. 이 내용은 밸런스, 비용, 확률, 효율 또는 특정 조합의 강약에 대한 피드백으로 확인됩니다. 보내주신 의견은 게임 밸런스 검토 참고 자료로 정리할 수 있습니다. 다만 조정 여부나 적용 시점은 확정해서 안내드리기 어렵습니다. 이 문의는 담당 검토가 필요할 수 있으며, 확인 과정에서 추가 정보 요청이 있을 수 있습니다.","사람 검토 필요: 밸런스 정책 판단에 참고할 피드백입니다. Router reason: 비용, 확률, 효율, 강약 평가가 포함되어 밸런스 검토 대상으로 라우팅합니다."
132,오르펠 빙결 시간이 길어서 보스도 너무 쉽게 잡히는 느낌입니다.,feedback_balance,feedback_balance,medium,true,balance_feedback_ack,"비용, 확률, 효율, 강약 평가가 포함되어 밸런스 검토 대상으로 라우팅합니다.","의견을 보내주셔서 감사합니다. 이 내용은 밸런스, 비용, 확률, 효율 또는 특정 조합의 강약에 대한 피드백으로 확인됩니다. 보내주신 의견은 게임 밸런스 검토 참고 자료로 정리할 수 있습니다. 다만 조정 여부나 적용 시점은 확정해서 안내드리기 어렵습니다. 이 문의는 담당 검토가 필요할 수 있으며, 확인 과정에서 추가 정보 요청이 있을 수 있습니다.","사람 검토 필요: 밸런스 정책 판단에 참고할 피드백입니다. Router reason: 비용, 확률, 효율, 강약 평가가 포함되어 밸런스 검토 대상으로 라우팅합니다."
133,루미엘 축복 보너스가 체감되지 않아 전설 가치가 낮아 보여요.,feedback_balance,feedback_balance,medium,true,balance_feedback_ack,"강함/약함, 비용, 확률, 효율에 대한 평가로 판단해 밸런스 피드백 접수로 라우팅합니다.","의견을 보내주셔서 감사합니다. 이 내용은 밸런스, 비용, 확률, 효율 또는 특정 조합의 강약에 대한 피드백으로 확인됩니다. 보내주신 의견은 게임 밸런스 검토 참고 자료로 정리할 수 있습니다. 다만 조정 여부나 적용 시점은 확정해서 안내드리기 어렵습니다. 이 문의는 담당 검토가 필요할 수 있으며, 확인 과정에서 추가 정보 요청이 있을 수 있습니다.","사람 검토 필요: 밸런스 정책 판단에 참고할 피드백입니다. Router reason: 강함/약함, 비용, 확률, 효율에 대한 평가로 판단해 밸런스 피드백 접수로 라우팅합니다."
134,화상 지속 피해가 초반 라운드에서 지나치게 강한 것 같습니다.,feedback_balance,feedback_balance,medium,true,balance_feedback_ack,"비용, 확률, 효율, 강약 평가가 포함되어 밸런스 검토 대상으로 라우팅합니다.","의견을 보내주셔서 감사합니다. 이 내용은 밸런스, 비용, 확률, 효율 또는 특정 조합의 강약에 대한 피드백으로 확인됩니다. 보내주신 의견은 게임 밸런스 검토 참고 자료로 정리할 수 있습니다. 다만 조정 여부나 적용 시점은 확정해서 안내드리기 어렵습니다. 이 문의는 담당 검토가 필요할 수 있으며, 확인 과정에서 추가 정보 요청이 있을 수 있습니다.","사람 검토 필요: 밸런스 정책 판단에 참고할 피드백입니다. Router reason: 비용, 확률, 효율, 강약 평가가 포함되어 밸런스 검토 대상으로 라우팅합니다."
135,분열 슬라임 보상이 난이도에 비해 적다고 느낍니다.,feedback_balance,feedback_balance,medium,true,balance_feedback_ack,"강함/약함, 비용, 확률, 효율에 대한 평가로 판단해 밸런스 피드백 접수로 라우팅합니다.","의견을 보내주셔서 감사합니다. 이 내용은 밸런스, 비용, 확률, 효율 또는 특정 조합의 강약에 대한 피드백으로 확인됩니다. 보내주신 의견은 게임 밸런스 검토 참고 자료로 정리할 수 있습니다. 다만 조정 여부나 적용 시점은 확정해서 안내드리기 어렵습니다. 이 문의는 담당 검토가 필요할 수 있으며, 확인 과정에서 추가 정보 요청이 있을 수 있습니다.","사람 검토 필요: 밸런스 정책 판단에 참고할 피드백입니다. Router reason: 강함/약함, 비용, 확률, 효율에 대한 평가로 판단해 밸런스 피드백 접수로 라우팅합니다."
136,높은 층 보상이 위험도에 비해 충분하지 않은 것 같습니다.,feedback_balance,feedback_balance,medium,true,balance_feedback_ack,"강함/약함, 비용, 확률, 효율에 대한 평가로 판단해 밸런스 피드백 접수로 라우팅합니다.","의견을 보내주셔서 감사합니다. 이 내용은 밸런스, 비용, 확률, 효율 또는 특정 조합의 강약에 대한 피드백으로 확인됩니다. 보내주신 의견은 게임 밸런스 검토 참고 자료로 정리할 수 있습니다. 다만 조정 여부나 적용 시점은 확정해서 안내드리기 어렵습니다. 이 문의는 담당 검토가 필요할 수 있으며, 확인 과정에서 추가 정보 요청이 있을 수 있습니다.","사람 검토 필요: 밸런스 정책 판단에 참고할 피드백입니다. Router reason: 강함/약함, 비용, 확률, 효율에 대한 평가로 판단해 밸런스 피드백 접수로 라우팅합니다."
137,성장 재료를 얻는 속도가 레벨업 요구량보다 너무 느립니다.,feedback_balance,feedback_balance,medium,true,balance_feedback_ack,"비용, 확률, 효율, 강약 평가가 포함되어 밸런스 검토 대상으로 라우팅합니다.","의견을 보내주셔서 감사합니다. 이 내용은 밸런스, 비용, 확률, 효율 또는 특정 조합의 강약에 대한 피드백으로 확인됩니다. 보내주신 의견은 게임 밸런스 검토 참고 자료로 정리할 수 있습니다. 다만 조정 여부나 적용 시점은 확정해서 안내드리기 어렵습니다. 이 문의는 담당 검토가 필요할 수 있으며, 확인 과정에서 추가 정보 요청이 있을 수 있습니다.","사람 검토 필요: 밸런스 정책 판단에 참고할 피드백입니다. Router reason: 비용, 확률, 효율, 강약 평가가 포함되어 밸런스 검토 대상으로 라우팅합니다."
138,전설 마법사 없이 진행하는 빌드가 너무 불리한 것 같습니다.,feedback_balance,gameplay_guide,low,false,guide_answer,"플레이 방법, 배치, 조합, 운영 팁 문의로 판단해 guide 답변으로 라우팅합니다.","문의해 주셔서 감사합니다. 이 내용은 플레이 방법과 운영 팁에 가까운 문의로 확인됩니다. 마법사는 적 이동 경로를 고려해 공격이 자주 닿는 위치에 배치하고, 초반에는 안정적으로 버틸 수 있는 조합을 먼저 구성해 보세요. 상황에 따라 속성 조합과 배치 위치를 바꾸면 더 안정적인 진행에 도움이 됩니다.","자동 안내 가능: 플레이 방법과 운영 팁 중심의 문의입니다. predicted_category=gameplay_guide, urgency=low."
139,특정 속성 조합만 효율이 좋아서 덱 다양성이 떨어집니다.,feedback_balance,feedback_balance,medium,true,balance_feedback_ack,"비용, 확률, 효율, 강약 평가가 포함되어 밸런스 검토 대상으로 라우팅합니다.","의견을 보내주셔서 감사합니다. 이 내용은 밸런스, 비용, 확률, 효율 또는 특정 조합의 강약에 대한 피드백으로 확인됩니다. 보내주신 의견은 게임 밸런스 검토 참고 자료로 정리할 수 있습니다. 다만 조정 여부나 적용 시점은 확정해서 안내드리기 어렵습니다. 이 문의는 담당 검토가 필요할 수 있으며, 확인 과정에서 추가 정보 요청이 있을 수 있습니다.","사람 검토 필요: 밸런스 정책 판단에 참고할 피드백입니다. Router reason: 비용, 확률, 효율, 강약 평가가 포함되어 밸런스 검토 대상으로 라우팅합니다."
140,마법사 소환 비용이 후반에도 같은 구조라 선택지가 단조롭습니다.,feedback_balance,feedback_balance,medium,true,balance_feedback_ack,"강함/약함, 비용, 확률, 효율에 대한 평가로 판단해 밸런스 피드백 접수로 라우팅합니다.","의견을 보내주셔서 감사합니다. 이 내용은 밸런스, 비용, 확률, 효율 또는 특정 조합의 강약에 대한 피드백으로 확인됩니다. 보내주신 의견은 게임 밸런스 검토 참고 자료로 정리할 수 있습니다. 다만 조정 여부나 적용 시점은 확정해서 안내드리기 어렵습니다. 이 문의는 담당 검토가 필요할 수 있으며, 확인 과정에서 추가 정보 요청이 있을 수 있습니다.","사람 검토 필요: 밸런스 정책 판단에 참고할 피드백입니다. Router reason: 강함/약함, 비용, 확률, 효율에 대한 평가로 판단해 밸런스 피드백 접수로 라우팅합니다."
141,라운드 후반 적 체력 증가량이 너무 급격합니다.,feedback_balance,feedback_balance,medium,true,balance_feedback_ack,"비용, 확률, 효율, 강약 평가가 포함되어 밸런스 검토 대상으로 라우팅합니다.","의견을 보내주셔서 감사합니다. 이 내용은 밸런스, 비용, 확률, 효율 또는 특정 조합의 강약에 대한 피드백으로 확인됩니다. 보내주신 의견은 게임 밸런스 검토 참고 자료로 정리할 수 있습니다. 다만 조정 여부나 적용 시점은 확정해서 안내드리기 어렵습니다. 이 문의는 담당 검토가 필요할 수 있으며, 확인 과정에서 추가 정보 요청이 있을 수 있습니다.","사람 검토 필요: 밸런스 정책 판단에 참고할 피드백입니다. Router reason: 비용, 확률, 효율, 강약 평가가 포함되어 밸런스 검토 대상으로 라우팅합니다."
142,보스 층 난이도가 이전 층에 비해 갑자기 높아집니다.,feedback_balance,feedback_balance,medium,true,balance_feedback_ack,"강함/약함, 비용, 확률, 효율에 대한 평가로 판단해 밸런스 피드백 접수로 라우팅합니다.","의견을 보내주셔서 감사합니다. 이 내용은 밸런스, 비용, 확률, 효율 또는 특정 조합의 강약에 대한 피드백으로 확인됩니다. 보내주신 의견은 게임 밸런스 검토 참고 자료로 정리할 수 있습니다. 다만 조정 여부나 적용 시점은 확정해서 안내드리기 어렵습니다. 이 문의는 담당 검토가 필요할 수 있으며, 확인 과정에서 추가 정보 요청이 있을 수 있습니다.","사람 검토 필요: 밸런스 정책 판단에 참고할 피드백입니다. Router reason: 강함/약함, 비용, 확률, 효율에 대한 평가로 판단해 밸런스 피드백 접수로 라우팅합니다."
143,연구 대성공 확률이 낮아 골드를 쓰기 부담스럽습니다.,feedback_balance,feedback_balance,medium,true,balance_feedback_ack,"비용, 확률, 효율, 강약 평가가 포함되어 밸런스 검토 대상으로 라우팅합니다.","의견을 보내주셔서 감사합니다. 이 내용은 밸런스, 비용, 확률, 효율 또는 특정 조합의 강약에 대한 피드백으로 확인됩니다. 보내주신 의견은 게임 밸런스 검토 참고 자료로 정리할 수 있습니다. 다만 조정 여부나 적용 시점은 확정해서 안내드리기 어렵습니다. 이 문의는 담당 검토가 필요할 수 있으며, 확인 과정에서 추가 정보 요청이 있을 수 있습니다.","사람 검토 필요: 밸런스 정책 판단에 참고할 피드백입니다. Router reason: 비용, 확률, 효율, 강약 평가가 포함되어 밸런스 검토 대상으로 라우팅합니다."
144,전투 속도 증가가 편하지만 난이도 체감이 너무 크게 바뀝니다.,feedback_balance,feedback_balance,medium,true,balance_feedback_ack,"비용, 확률, 효율, 강약 평가가 포함되어 밸런스 검토 대상으로 라우팅합니다.","의견을 보내주셔서 감사합니다. 이 내용은 밸런스, 비용, 확률, 효율 또는 특정 조합의 강약에 대한 피드백으로 확인됩니다. 보내주신 의견은 게임 밸런스 검토 참고 자료로 정리할 수 있습니다. 다만 조정 여부나 적용 시점은 확정해서 안내드리기 어렵습니다. 이 문의는 담당 검토가 필요할 수 있으며, 확인 과정에서 추가 정보 요청이 있을 수 있습니다.","사람 검토 필요: 밸런스 정책 판단에 참고할 피드백입니다. Router reason: 비용, 확률, 효율, 강약 평가가 포함되어 밸런스 검토 대상으로 라우팅합니다."
145,스킬 설명과 실제 성능 차이가 밸런스 판단을 어렵게 만듭니다.,feedback_balance,feedback_balance,medium,true,balance_feedback_ack,"비용, 확률, 효율, 강약 평가가 포함되어 밸런스 검토 대상으로 라우팅합니다.","의견을 보내주셔서 감사합니다. 이 내용은 밸런스, 비용, 확률, 효율 또는 특정 조합의 강약에 대한 피드백으로 확인됩니다. 보내주신 의견은 게임 밸런스 검토 참고 자료로 정리할 수 있습니다. 다만 조정 여부나 적용 시점은 확정해서 안내드리기 어렵습니다. 이 문의는 담당 검토가 필요할 수 있으며, 확인 과정에서 추가 정보 요청이 있을 수 있습니다.","사람 검토 필요: 밸런스 정책 판단에 참고할 피드백입니다. Router reason: 비용, 확률, 효율, 강약 평가가 포함되어 밸런스 검토 대상으로 라우팅합니다."
146,초반에는 바람 속성 마법사의 가치가 너무 낮게 느껴집니다.,feedback_balance,feedback_balance,medium,true,balance_feedback_ack,"비용, 확률, 효율, 강약 평가가 포함되어 밸런스 검토 대상으로 라우팅합니다.","의견을 보내주셔서 감사합니다. 이 내용은 밸런스, 비용, 확률, 효율 또는 특정 조합의 강약에 대한 피드백으로 확인됩니다. 보내주신 의견은 게임 밸런스 검토 참고 자료로 정리할 수 있습니다. 다만 조정 여부나 적용 시점은 확정해서 안내드리기 어렵습니다. 이 문의는 담당 검토가 필요할 수 있으며, 확인 과정에서 추가 정보 요청이 있을 수 있습니다.","사람 검토 필요: 밸런스 정책 판단에 참고할 피드백입니다. Router reason: 비용, 확률, 효율, 강약 평가가 포함되어 밸런스 검토 대상으로 라우팅합니다."
147,타워 진행 보상으로 받는 성장 자원이 너무 적습니다.,feedback_balance,feedback_balance,medium,true,balance_feedback_ack,"비용, 확률, 효율, 강약 평가가 포함되어 밸런스 검토 대상으로 라우팅합니다.","의견을 보내주셔서 감사합니다. 이 내용은 밸런스, 비용, 확률, 효율 또는 특정 조합의 강약에 대한 피드백으로 확인됩니다. 보내주신 의견은 게임 밸런스 검토 참고 자료로 정리할 수 있습니다. 다만 조정 여부나 적용 시점은 확정해서 안내드리기 어렵습니다. 이 문의는 담당 검토가 필요할 수 있으며, 확인 과정에서 추가 정보 요청이 있을 수 있습니다.","사람 검토 필요: 밸런스 정책 판단에 참고할 피드백입니다. Router reason: 비용, 확률, 효율, 강약 평가가 포함되어 밸런스 검토 대상으로 라우팅합니다."
148,마법사 합성 결과가 소모한 재료 가치에 비해 약한 것 같습니다.,feedback_balance,feedback_balance,medium,true,balance_feedback_ack,"비용, 확률, 효율, 강약 평가가 포함되어 밸런스 검토 대상으로 라우팅합니다.","의견을 보내주셔서 감사합니다. 이 내용은 밸런스, 비용, 확률, 효율 또는 특정 조합의 강약에 대한 피드백으로 확인됩니다. 보내주신 의견은 게임 밸런스 검토 참고 자료로 정리할 수 있습니다. 다만 조정 여부나 적용 시점은 확정해서 안내드리기 어렵습니다. 이 문의는 담당 검토가 필요할 수 있으며, 확인 과정에서 추가 정보 요청이 있을 수 있습니다.","사람 검토 필요: 밸런스 정책 판단에 참고할 피드백입니다. Router reason: 비용, 확률, 효율, 강약 평가가 포함되어 밸런스 검토 대상으로 라우팅합니다."
149,소환 운이 나쁘면 초반 라운드를 넘기기 힘든 구조가 아쉽습니다.,feedback_balance,feedback_balance,medium,true,balance_feedback_ack,"강함/약함, 비용, 확률, 효율에 대한 평가로 판단해 밸런스 피드백 접수로 라우팅합니다.","의견을 보내주셔서 감사합니다. 이 내용은 밸런스, 비용, 확률, 효율 또는 특정 조합의 강약에 대한 피드백으로 확인됩니다. 보내주신 의견은 게임 밸런스 검토 참고 자료로 정리할 수 있습니다. 다만 조정 여부나 적용 시점은 확정해서 안내드리기 어렵습니다. 이 문의는 담당 검토가 필요할 수 있으며, 확인 과정에서 추가 정보 요청이 있을 수 있습니다.","사람 검토 필요: 밸런스 정책 판단에 참고할 피드백입니다. Router reason: 강함/약함, 비용, 확률, 효율에 대한 평가로 판단해 밸런스 피드백 접수로 라우팅합니다."
150,현재 메타에서는 루미엘 축복 조합만 반복해서 쓰게 됩니다.,feedback_balance,feedback_balance,medium,true,balance_feedback_ack,"강함/약함, 비용, 확률, 효율에 대한 평가로 판단해 밸런스 피드백 접수로 라우팅합니다.","의견을 보내주셔서 감사합니다. 이 내용은 밸런스, 비용, 확률, 효율 또는 특정 조합의 강약에 대한 피드백으로 확인됩니다. 보내주신 의견은 게임 밸런스 검토 참고 자료로 정리할 수 있습니다. 다만 조정 여부나 적용 시점은 확정해서 안내드리기 어렵습니다. 이 문의는 담당 검토가 필요할 수 있으며, 확인 과정에서 추가 정보 요청이 있을 수 있습니다.","사람 검토 필요: 밸런스 정책 판단에 참고할 피드백입니다. Router reason: 강함/약함, 비용, 확률, 효율에 대한 평가로 판단해 밸런스 피드백 접수로 라우팅합니다."
